setting,delta,mu1,mu2,pval,pval_base,ks_p_prop_mean,ks_p_base_mean,ks_p_prop_std,ks_p_base_std
df1,0.0,0.0,0.0,"[0.74453538 0.18488568 0.45963725 0.17249627 0.90235528 0.3490397
 0.18488568 0.63886042 0.25747545 0.88359176 0.50859953 0.19796045
 0.81875363 0.88359176 0.96996014 0.88359176 0.63886042 0.96007647
 0.79482654 0.61225166 0.96996014 0.39108739 0.31007573 0.93482727
 0.93482727 0.01217651 0.93482727 0.25747545 0.77002924 0.91946676
 0.90235528 0.01217651 0.32916807 0.96996014 0.32916807 0.79482654
 0.00992823 0.77002924 0.53390728 0.21173982 0.74453538 0.8633028
 0.17249627 0.1200888  0.71851426 0.88359176 0.41323244 0.61225166
 0.77002924 0.31007573]","[0.63886042 0.32916807 0.41323244 0.69212796 0.39108739 0.45963725
 0.45963725 0.8633028  0.06932183 0.74453538 0.22624166 0.22624166
 0.53390728 0.53390728 0.90235528 0.50859953 0.74453538 0.88359176
 0.8633028  0.79482654 0.41323244 0.29176485 0.41323244 0.97808957
 0.43609338 0.01217651 0.84163603 0.48382277 0.71851426 0.66552932
 0.96996014 0.0539576  0.45963725 0.96996014 0.81875363 0.66552932
 0.01346465 0.71851426 0.79482654 0.08151459 0.97808957 0.53390728
 0.16077182 0.19796045 0.55967522 0.98957839 0.53390728 0.81875363
 0.32916807 0.19796045]",0.579047315859457,0.5475680365828335,0.31034539165999075,0.28473145115482545
df1,0.05,0.0,0.05,"[0.55967522 0.07520917 0.53390728 0.12937218 0.18488568 0.53390728
 0.58582128 0.01100057 0.27423335 0.1200888  0.81875363 0.43609338
 0.69212796 0.3490397  0.93482727 0.61225166 0.32916807 0.25747545
 0.43609338 0.66552932 0.22624166 0.94837208 0.77002924 0.50859953
 0.99328163 0.69212796 0.06932183 0.01641475 0.84163603 0.139232
 0.12937218 0.01346465 0.84163603 0.00300719 0.66552932 0.48382277
 0.77002924 0.01217651 0.74453538 0.55967522 0.29176485 0.36968362
 0.79482654 0.8633028  0.31007573 0.81875363 0.11135888 0.53390728
 0.32916807 0.93482727]","[0.71851426 0.48382277 0.02410401 0.74453538 0.77002924 0.61225166
 0.25747545 0.01641475 0.39108739 0.02903392 0.63886042 0.25747545
 0.81875363 0.19796045 0.71851426 0.74453538 0.21173982 0.22624166
 0.74453538 0.8633028  0.01100057 0.84163603 0.98957839 0.50859953
 0.74453538 0.99328163 0.09546732 0.0539576  0.90235528 0.16077182
 0.29176485 0.01217651 0.90235528 0.02646763 0.24148215 0.66552932
 0.29176485 0.1200888  0.66552932 0.74453538 0.45963725 0.55967522
 0.48382277 0.3490397  0.88359176 0.84163603 0.02646763 0.58582128
 0.21173982 0.98457739]",0.4665126898562156,0.48236149063606093,0.3005909182029914,0.3186020695600969
df1,0.1,0.0,0.1,"[0.27423335 0.06383124 0.0539576  0.3490397  0.08151459 0.12937218
 0.41323244 0.50859953 0.66552932 0.139232   0.21173982 0.91946676
 0.0416213  0.50859953 0.09546732 0.139232   0.45963725 0.08825991
 0.139232   0.96007647 0.04953464 0.71851426 0.16077182 0.55967522
 0.63886042 0.79482654 0.08151459 0.11135888 0.29176485 0.58582128
 0.17249627 0.66552932 0.36968362 0.55967522 0.79482654 0.03483221
 0.43609338 0.58582128 0.97808957 0.12937218 0.02410401 0.25747545
 0.53390728 0.58582128 0.58582128 0.41323244 0.81875363 0.90235528
 0.84163603 0.01641475]","[0.63886042 0.1200888  0.08825991 0.18488568 0.27423335 0.01993114
 0.39108739 0.25747545 0.53390728 0.16077182 0.12937218 0.77002924
 0.03809482 0.29176485 0.77002924 0.43609338 0.66552932 0.06932183
 0.29176485 0.74453538 0.29176485 0.58582128 0.41323244 0.31007573
 0.94837208 0.88359176 0.27423335 0.10315938 0.25747545 0.53390728
 0.08151459 0.71851426 0.43609338 0.32916807 0.36968362 0.1200888
 0.17249627 0.88359176 0.48382277 0.03809482 0.12937218 0.01809676
 0.48382277 0.77002924 0.25747545 0.14969106 0.88359176 0.90235528
 0.79482654 0.10315938]",0.39880915596179456,0.3920631736574252,0.29379273965981295,0.28115695899752524
df1,0.15000000000000002,0.0,0.15000000000000002,"[0.61225166 0.96996014 0.18488568 0.3490397  0.99589898 0.32916807
 0.29176485 0.43609338 0.27423335 0.8633028  0.55967522 0.71851426
 0.81875363 0.71851426 0.36968362 0.43609338 0.53390728 0.43609338
 0.66552932 0.74453538 0.91946676 0.48382277 0.08151459 0.19796045
 0.63886042 0.71851426 0.3490397  0.99589898 0.25747545 0.45963725
 0.29176485 0.27423335 0.53390728 0.66552932 0.69212796 0.41323244
 0.58582128 0.22624166 0.31007573 0.21173982 0.41323244 0.22624166
 0.39108739 0.10315938 0.18488568 0.94837208 0.32916807 0.90235528
 0.74453538 0.14969106]","[0.139232   0.90235528 0.04542867 0.14969106 0.74453538 0.8633028
 0.29176485 0.69212796 0.01487416 0.74453538 0.74453538 0.29176485
 0.79482654 0.50859953 0.139232   0.43609338 0.69212796 0.25747545
 0.74453538 0.77002924 0.74453538 0.43609338 0.02646763 0.14969106
 0.27423335 0.77002924 0.18488568 0.8633028  0.18488568 0.69212796
 0.24148215 0.3490397  0.69212796 0.66552932 0.71851426 0.27423335
 0.50859953 0.25747545 0.27423335 0.27423335 0.25747545 0.01641475
 0.77002924 0.66552932 0.16077182 0.8633028  0.03809482 0.66552932
 0.96996014 0.17249627]",0.5001498216676271,0.4625678353166282,0.2572354393632281,0.28968987148612485
df1,0.2,0.0,0.2,"[0.43609338 0.39108739 0.00725489 0.93482727 0.96996014 0.00806269
 0.93482727 0.03483221 0.61225166 0.22624166 0.41323244 0.71851426
 0.58582128 0.06932183 0.50859953 0.55967522 0.36968362 0.32916807
 0.06932183 0.98457739 0.11135888 0.99589898 0.74453538 0.03809482
 0.36968362 0.43609338 0.36968362 0.29176485 0.06932183 0.01217651
 0.96007647 0.97808957 0.09546732 0.93482727 0.84163603 0.17249627
 0.50859953 0.84163603 0.81875363 0.8633028  0.43609338 0.74453538
 0.16077182 0.45963725 0.79482654 0.93482727 0.63886042 0.63886042
 0.79482654 0.11135888]","[5.08599525e-01 4.13232440e-01 4.85152370e-04 7.44535382e-01
 9.19466758e-01 1.80967606e-02 5.33907283e-01 4.16212987e-02
 6.38860419e-01 4.54286666e-02 5.59675216e-01 3.69683622e-01
 6.92127962e-01 1.03159376e-01 2.74233349e-01 8.41636027e-01
 2.91764847e-01 6.65529322e-01 2.19294824e-02 8.41636027e-01
 1.97960446e-01 8.41636027e-01 3.49039701e-01 1.21765095e-02
 5.85821277e-01 4.59637254e-01 2.57475452e-01 6.12251659e-01
 2.64676308e-02 3.18171260e-02 8.18753631e-01 9.69960143e-01
 2.90339156e-02 4.36093382e-01 9.02355278e-01 3.69683622e-01
 2.74233349e-01 4.13232440e-01 1.49691056e-01 6.92127962e-01
 5.59675216e-01 6.12251659e-01 6.38312357e-02 9.69960143e-01
 7.44535382e-01 9.19466758e-01 6.12251659e-01 7.44535382e-01
 4.59637254e-01 1.64147482e-02]",0.5066289742460783,0.4531523242111168,0.3284850098637094,0.30854493303653313
df1,0.25,0.0,0.25,"[0.81875363 0.45963725 0.71851426 0.48382277 0.91946676 0.93482727
 0.39108739 0.66552932 0.96007647 0.55967522 0.97808957 0.45963725
 0.50859953 0.03809482 0.97808957 0.66552932 0.39108739 0.43609338
 0.84163603 0.8633028  0.77002924 0.36968362 0.17249627 0.71851426
 0.55967522 0.79482654 0.12937218 0.08825991 0.61225166 0.45963725
 0.21173982 0.94837208 0.03483221 0.77002924 0.48382277 0.45963725
 0.31007573 0.84163603 0.69212796 0.74453538 0.8633028  0.53390728
 0.55967522 0.24148215 0.81875363 0.43609338 0.81875363 0.79482654
 0.74453538 0.61225166]","[0.19796045 0.1200888  0.96996014 0.71851426 0.31007573 0.3490397
 0.29176485 0.45963725 0.24148215 0.45963725 0.84163603 0.45963725
 0.66552932 0.01993114 0.84163603 0.63886042 0.29176485 0.79482654
 0.97808957 0.71851426 0.77002924 0.61225166 0.24148215 0.27423335
 0.36968362 0.88359176 0.1200888  0.03483221 0.32916807 0.24148215
 0.1200888  0.94837208 0.09546732 0.66552932 0.48382277 0.11135888
 0.03483221 0.48382277 0.77002924 0.53390728 0.50859953 0.45963725
 0.71851426 0.08151459 0.31007573 0.05871658 0.61225166 0.66552932
 0.53390728 0.50859953]",0.5933337258889541,0.4590001080249293,0.25887939137659277,0.27605987228380285
df1,0.30000000000000004,0.0,0.30000000000000004,"[0.98957839 0.36968362 0.11135888 0.50859953 0.06383124 0.74453538
 0.61225166 0.3490397  0.29176485 0.81875363 0.79482654 0.08825991
 0.66552932 0.04953464 0.16077182 0.74453538 0.8633028  0.41323244
 0.66552932 0.25747545 0.45963725 0.41323244 0.81875363 0.17249627
 0.18488568 0.69212796 0.77002924 0.31007573 0.00992823 0.32916807
 0.06932183 0.19796045 0.22624166 0.03181713 0.06383124 0.55967522
 0.71851426 0.3490397  0.50859953 0.39108739 0.14969106 0.3490397
 0.61225166 0.53390728 0.00470847 0.8633028  0.61225166 0.01809676
 0.31007573 0.61225166]","[0.69212796 0.45963725 0.08825991 0.94837208 0.19796045 0.139232
 0.69212796 0.45963725 0.71851426 0.91946676 0.81875363 0.12937218
 0.41323244 0.00895146 0.1200888  0.55967522 0.77002924 0.19796045
 0.71851426 0.63886042 0.29176485 0.69212796 0.69212796 0.139232
 0.18488568 0.36968362 0.58582128 0.36968362 0.03809482 0.61225166
 0.27423335 0.03809482 0.03809482 0.02410401 0.08825991 0.61225166
 0.45963725 0.21173982 0.22624166 0.94837208 0.06383124 0.139232
 0.66552932 0.1200888  0.00992823 0.55967522 0.17249627 0.3490397
 0.09546732 0.69212796]",0.4180878836768205,0.38909785745008946,0.275675261928477,0.2853717926465126
df1,0.35000000000000003,0.0,0.35000000000000003,"[0.55967522 0.94837208 0.03809482 0.84163603 0.84163603 0.18488568
 0.39108739 0.63886042 0.17249627 0.45963725 0.03483221 0.32916807
 0.48382277 0.17249627 0.32916807 0.98957839 0.19796045 0.139232
 0.00585634 0.93482727 0.55967522 0.22624166 0.3490397  0.88359176
 0.43609338 0.25747545 0.09546732 0.36968362 0.63886042 0.10315938
 0.53390728 0.53390728 0.04542867 0.45963725 0.06383124 0.139232
 0.53390728 0.81875363 0.61225166 0.0416213  0.79482654 0.22624166
 0.99328163 0.63886042 0.16077182 0.71851426 0.69212796 0.74453538
 0.02903392 0.61225166]","[0.17249627 0.79482654 0.09546732 0.29176485 0.29176485 0.31007573
 0.1200888  0.61225166 0.10315938 0.139232   0.01641475 0.48382277
 0.63886042 0.14969106 0.96007647 0.45963725 0.09546732 0.02410401
 0.01100057 0.24148215 0.43609338 0.16077182 0.3490397  0.63886042
 0.3490397  0.66552932 0.21173982 0.96996014 0.39108739 0.01487416
 0.77002924 0.71851426 0.07520917 0.31007573 0.0539576  0.02646763
 0.8633028  0.69212796 0.96007647 0.01100057 0.91946676 0.25747545
 0.45963725 0.84163603 0.71851426 0.19796045 0.99589898 0.71851426
 0.00300719 0.55967522]",0.4401106755788566,0.4070245453904702,0.29770942693427604,0.31487860279777485
df1,0.4,0.0,0.4,"[0.05871658 0.53390728 0.24148215 0.21173982 0.06932183 0.93482727
 0.90235528 0.99589898 0.00992823 0.81875363 0.03809482 0.74453538
 0.00167865 0.81875363 0.96996014 0.63886042 0.01487416 0.53390728
 0.66552932 0.00585634 0.01809676 0.66552932 0.81875363 0.66552932
 0.3490397  0.66552932 0.58582128 0.48382277 0.45963725 0.71851426
 0.1200888  0.45963725 0.00268159 0.27423335 0.66552932 0.58582128
 0.10315938 0.97808957 0.10315938 0.14969106 0.69212796 0.07520917
 0.32916807 0.71851426 0.12937218 0.00300719 0.00116899 0.31007573
 0.90235528 0.1200888 ]","[8.82599083e-02 5.59675216e-01 3.18171260e-02 1.29372179e-01
 2.64676308e-02 6.12251659e-01 3.29168072e-01 5.33907283e-01
 2.41040115e-02 4.59637254e-01 4.16212987e-02 5.85821277e-01
 3.77043497e-03 7.94826541e-01 6.65529322e-01 5.85821277e-01
 5.25376643e-03 4.36093382e-01 9.34827271e-01 4.70847031e-03
 5.85633896e-03 6.92127962e-01 3.10075730e-01 1.39231997e-01
 4.13232440e-01 3.10075730e-01 9.69960143e-01 6.65529322e-01
 1.11358879e-01 8.83591758e-01 3.48322136e-02 8.63302804e-01
 1.10005675e-02 1.97960446e-01 7.18514257e-01 3.10075730e-01
 1.97960446e-01 9.78089566e-01 3.49039701e-01 4.21554189e-03
 7.44535382e-01 2.19294824e-02 4.36093382e-01 7.44535382e-01
 4.13232440e-01 1.29372179e-01 5.51757155e-04 8.82599083e-02
 9.02355278e-01 1.11358879e-01]",0.42724866817278334,0.37222378044060755,0.33128523506440405,0.31920413944009546
df1,0.45,0.0,0.45,"[0.36968362 0.31007573 0.39108739 0.36968362 0.32916807 0.14969106
 0.50859953 0.43609338 0.1200888  0.21173982 0.69212796 0.61225166
 0.08825991 0.53390728 0.08151459 0.00148941 0.71851426 0.16077182
 0.71851426 0.97808957 0.74453538 0.90235528 0.90235528 0.45963725
 0.53390728 0.81875363 0.66552932 0.32916807 0.04953464 0.96996014
 0.08151459 0.07520917 0.55967522 0.01993114 0.139232   0.02192948
 0.84163603 0.24148215 0.32916807 0.58582128 0.00895146 0.69212796
 0.01487416 0.00300719 0.74453538 0.66552932 0.11135888 0.81875363
 0.04953464 0.45963725]","[2.11739817e-01 5.33907283e-01 1.84885683e-01 6.92127962e-01
 7.18514257e-01 3.91087390e-01 6.38312357e-02 4.16212987e-02
 1.84885683e-01 2.74233349e-01 1.97960446e-01 7.18514257e-01
 2.26241661e-01 8.83591758e-01 1.29372179e-01 1.03408932e-03
 1.60771824e-01 1.64147482e-02 5.08599525e-01 7.70029237e-01
 7.52091658e-02 1.20088801e-01 8.18753631e-01 1.60771824e-01
 3.10075730e-01 7.18514257e-01 7.18514257e-01 1.97960446e-01
 2.12592488e-03 5.85821277e-01 1.49691056e-01 3.18171260e-02
 2.41482152e-01 5.25376643e-03 1.97960446e-01 3.36894521e-03
 3.91087390e-01 1.39231997e-01 1.11358879e-01 2.41482152e-01
 4.16212987e-02 9.93281626e-01 8.95145539e-03 7.11507895e-04
 3.91087390e-01 3.10075730e-01 3.91087390e-01 3.10075730e-01
 1.39231997e-01 7.44535382e-01]",0.41241994026911455,0.30921184817339564,0.30352461088262767,0.274970665332161
df1,0.5,0.0,0.5,"[3.49039701e-01 2.19534247e-04 1.64147482e-02 5.85821277e-01
 5.33907283e-01 2.64676308e-02 1.20088801e-01 8.18753631e-01
 1.72496272e-01 3.10075730e-01 8.95145539e-03 5.08599525e-01
 1.11358879e-01 9.69960143e-01 2.91764847e-01 1.72496272e-01
 5.87165796e-02 9.54673207e-02 9.78089566e-01 9.89578389e-01
 3.49039701e-01 3.10075730e-01 7.94826541e-01 5.08599525e-01
 5.33907283e-01 2.26241661e-01 6.12251659e-01 4.59637254e-01
 2.57475452e-01 1.72496272e-01 4.13232440e-01 4.83822766e-01
 2.91764847e-01 2.90339156e-02 2.74233349e-01 4.83822766e-01
 9.54673207e-02 4.83822766e-01 7.52091658e-02 9.19466758e-01
 6.92127962e-01 5.59675216e-01 4.83822766e-01 5.59675216e-01
 6.38860419e-01 2.41482152e-01 9.78089566e-01 4.59637254e-01
 2.19294824e-02 3.69683622e-01]","[0.0416213  0.00212592 0.1200888  0.74453538 0.69212796 0.03809482
 0.39108739 0.53390728 0.0416213  0.48382277 0.08151459 0.43609338
 0.12937218 0.79482654 0.25747545 0.02646763 0.21173982 0.08151459
 0.63886042 0.71851426 0.55967522 0.04953464 0.69212796 0.3490397
 0.58582128 0.39108739 0.69212796 0.50859953 0.24148215 0.10315938
 0.58582128 0.139232   0.31007573 0.27423335 0.31007573 0.31007573
 0.19796045 0.74453538 0.00652148 0.50859953 0.66552932 0.18488568
 0.139232   0.3490397  0.36968362 0.36968362 0.93482727 0.79482654
 0.139232   0.06383124]",0.3979535682093664,0.36071937264724013,0.28464111836589995,0.25790149816143926
df1,0.55,0.0,0.55,"[0.45963725 0.88359176 0.45963725 0.01993114 0.12937218 0.08151459
 0.79482654 0.39108739 0.10315938 0.58582128 0.91946676 0.77002924
 0.96007647 0.63886042 0.99589898 0.36968362 0.14969106 0.3490397
 0.03181713 0.18488568 0.01346465 0.36968362 0.43609338 0.69212796
 0.01346465 0.50859953 0.98957839 0.22624166 0.71851426 0.09546732
 0.71851426 0.29176485 0.99765093 0.43609338 0.91946676 0.48382277
 0.69212796 0.12937218 0.32916807 0.69212796 0.11135888 0.39108739
 0.74453538 0.01487416 0.66552932 0.74453538 0.31007573 0.50859953
 0.17249627 0.48382277]","[0.21173982 0.36968362 0.31007573 0.05871658 0.41323244 0.32916807
 0.50859953 0.48382277 0.08151459 0.58582128 0.41323244 0.45963725
 0.14969106 0.0416213  0.21173982 0.31007573 0.29176485 0.55967522
 0.00725489 0.29176485 0.01487416 0.74453538 0.31007573 0.1200888
 0.01100057 0.79482654 0.63886042 0.74453538 0.1200888  0.48382277
 0.74453538 0.01217651 0.58582128 0.11135888 0.69212796 0.36968362
 0.53390728 0.00377043 0.3490397  0.53390728 0.24148215 0.50859953
 0.36968362 0.01217651 0.99589898 0.1200888  0.03809482 0.81875363
 0.19796045 0.1200888 ]",0.4635657431434813,0.34861391973931705,0.303420571853397,0.2556585881641862
df1,0.6000000000000001,0.0,0.6000000000000001,"[0.8633028  0.07520917 0.1200888  0.74453538 0.29176485 0.18488568
 0.41323244 0.08151459 0.94837208 0.01809676 0.06932183 0.32916807
 0.25747545 0.00421554 0.94837208 0.21173982 0.01809676 0.14969106
 0.61225166 0.06932183 0.88359176 0.48382277 0.14969106 0.01100057
 0.08825991 0.25747545 0.25747545 0.07520917 0.93482727 0.39108739
 0.32916807 0.29176485 0.01993114 0.39108739 0.10315938 0.36968362
 0.41323244 0.22624166 0.66552932 0.12937218 0.69212796 0.77002924
 0.139232   0.25747545 0.61225166 0.31007573 0.24148215 0.48382277
 0.11135888 0.29176485]","[0.48382277 0.63886042 0.07520917 0.12937218 0.18488568 0.00377043
 0.81875363 0.55967522 0.24148215 0.09546732 0.66552932 0.08825991
 0.06383124 0.06932183 0.17249627 0.50859953 0.02646763 0.0416213
 0.18488568 0.63886042 0.29176485 0.31007573 0.71851426 0.01487416
 0.11135888 0.08151459 0.8633028  0.1200888  0.3490397  0.55967522
 0.22624166 0.17249627 0.01809676 0.61225166 0.31007573 0.05871658
 0.58582128 0.22624166 0.18488568 0.61225166 0.22624166 0.45963725
 0.8633028  0.41323244 0.43609338 0.08825991 0.21173982 0.01641475
 0.02410401 0.08825991]",0.335837763446315,0.2989149189462585,0.27595204258417655,0.2520224752311934
df1,0.65,0.0,0.65,"[6.65529322e-01 5.33907283e-01 4.36093382e-01 3.69683622e-01
 2.91764847e-01 1.60771824e-01 4.83822766e-01 9.34827271e-01
 7.94826541e-01 8.82599083e-02 7.94826541e-01 1.49691056e-01
 3.91087390e-01 2.74233349e-01 2.11739817e-01 5.33907283e-01
 7.44535382e-01 4.36093382e-01 7.94826541e-01 4.36093382e-01
 9.02355278e-01 4.95346404e-02 7.44535382e-01 4.13232440e-01
 7.18514257e-01 2.11739817e-01 7.70029237e-01 5.59675216e-01
 2.74233349e-01 7.52091658e-02 4.54286666e-02 1.34646549e-02
 7.18514257e-01 3.18171260e-02 3.69683622e-01 2.41482152e-01
 2.41482152e-01 1.39231997e-01 1.26822204e-04 7.70029237e-01
 8.83591758e-01 8.82599083e-02 2.57475452e-01 6.38860419e-01
 1.03159376e-01 1.10005675e-02 6.38312357e-02 5.85821277e-01
 6.65529322e-01 7.52091658e-02]","[0.00895146 0.29176485 0.0416213  0.81875363 0.10315938 0.96007647
 0.53390728 0.48382277 0.8633028  0.41323244 0.41323244 0.41323244
 0.41323244 0.48382277 0.41323244 0.17249627 0.74453538 0.36968362
 0.79482654 0.32916807 0.41323244 0.17249627 0.32916807 0.31007573
 0.36968362 0.48382277 0.25747545 0.19796045 0.14969106 0.08151459
 0.08825991 0.00167865 0.18488568 0.08825991 0.61225166 0.02903392
 0.43609338 0.39108739 0.00300719 0.139232   0.53390728 0.48382277
 0.32916807 0.16077182 0.1200888  0.01809676 0.05871658 0.18488568
 0.74453538 0.77002924]",0.4037915767841498,0.3441797462105143,0.2858051868426863,0.2502461402089184
df1,0.7000000000000001,0.0,0.7000000000000001,"[0.48382277 0.19796045 0.31007573 0.00806269 0.58582128 0.16077182
 0.90235528 0.41323244 0.84163603 0.29176485 0.32916807 0.50859953
 0.31007573 0.139232   0.04953464 0.53390728 0.58582128 0.32916807
 0.39108739 0.39108739 0.02410401 0.32916807 0.16077182 0.08825991
 0.98957839 0.50859953 0.39108739 0.17249627 0.11135888 0.84163603
 0.61225166 0.19796045 0.24148215 0.50859953 0.25747545 0.99765093
 0.21173982 0.32916807 0.3490397  0.07520917 0.58582128 0.55967522
 0.53390728 0.08151459 0.88359176 0.00103409 0.27423335 0.31007573
 0.99328163 0.19796045]","[0.81875363 0.50859953 0.02646763 0.06383124 0.11135888 0.63886042
 0.00652148 0.0416213  0.07520917 0.17249627 0.63886042 0.1200888
 0.18488568 0.77002924 0.17249627 0.3490397  0.36968362 0.139232
 0.01487416 0.32916807 0.06932183 0.3490397  0.0416213  0.48382277
 0.43609338 0.07520917 0.27423335 0.48382277 0.02903392 0.19796045
 0.50859953 0.14969106 0.8633028  0.1200888  0.36968362 0.06932183
 0.10315938 0.61225166 0.1200888  0.03181713 0.139232   0.06383124
 0.139232   0.01993114 0.32916807 0.02410401 0.31007573 0.77002924
 0.69212796 0.69212796]",0.39163834555815924,0.28240200108172814,0.2705087883896602,0.2513976180806724
df1,0.75,0.0,0.75,"[9.02355278e-01 2.11739817e-01 4.16212987e-02 9.69960143e-01
 6.92127962e-01 1.11358879e-01 6.38312357e-02 5.85821277e-01
 9.54673207e-02 6.65529322e-01 6.65529322e-01 1.84885683e-01
 3.29168072e-01 2.11739817e-01 6.65529322e-01 6.12251659e-01
 2.41482152e-01 9.48372085e-01 7.25488863e-03 3.69683622e-01
 6.12251659e-01 1.97960446e-01 4.85152370e-04 5.08599525e-01
 4.83822766e-01 6.38860419e-01 6.93218252e-02 5.85821277e-01
 6.92127962e-01 6.65529322e-01 6.12251659e-01 9.93281626e-01
 4.13232440e-01 7.70029237e-01 1.72496272e-01 2.74233349e-01
 2.74233349e-01 2.11739817e-01 2.26241661e-01 7.44535382e-01
 7.18514257e-01 1.60771824e-01 9.19466758e-01 6.26876255e-04
 4.59637254e-01 4.16212987e-02 2.11739817e-01 7.70029237e-01
 7.44535382e-01 6.65529322e-01]","[0.04542867 0.16077182 0.139232   0.06932183 0.07520917 0.06932183
 0.41323244 0.14969106 0.06932183 0.17249627 0.21173982 0.41323244
 0.1200888  0.25747545 0.06932183 0.24148215 0.50859953 0.08825991
 0.03483221 0.04953464 0.07520917 0.41323244 0.08151459 0.02410401
 0.00992823 0.11135888 0.55967522 0.74453538 0.00148941 0.16077182
 0.00725489 0.0416213  0.50859953 0.32916807 0.36968362 0.19796045
 0.01993114 0.19796045 0.45963725 0.02410401 0.08151459 0.39108739
 0.01641475 0.0539576  0.00525377 0.07520917 0.05871658 0.139232
 0.50859953 0.25747545]",0.4483047264219927,0.18567588706485325,0.2953709140197096,0.1787732485606068
df1,0.8,0.0,0.8,"[7.44535382e-01 1.49691056e-01 2.41482152e-01 8.18753631e-01
 1.20088801e-01 4.59637254e-01 4.36093382e-01 9.92823487e-03
 2.74233349e-01 1.49691056e-01 9.19466758e-01 5.85821277e-01
 2.26241661e-01 2.57475452e-01 8.63302804e-01 2.90339156e-02
 2.68158880e-03 7.44535382e-01 2.26241661e-01 3.36894521e-03
 3.18171260e-02 3.49039701e-01 3.10075730e-01 2.26241661e-01
 1.72496272e-01 1.97960446e-01 3.48322136e-02 5.85821277e-01
 3.29168072e-01 7.18514257e-01 4.83822766e-01 8.82599083e-02
 8.63302804e-01 8.06755085e-04 7.18514257e-01 8.63302804e-01
 9.54673207e-02 1.72496272e-01 8.41636027e-01 7.18514257e-01
 4.83822766e-01 3.49039701e-01 4.16212987e-02 1.60771824e-01
 1.64147482e-02 5.59675216e-01 1.20088801e-01 1.72496272e-01
 7.52091658e-02 1.97960446e-01]","[0.0539576  0.14969106 0.00725489 0.50859953 0.22624166 0.10315938
 0.41323244 0.00421554 0.03483221 0.39108739 0.12937218 0.17249627
 0.36968362 0.24148215 0.0416213  0.18488568 0.00992823 0.07520917
 0.01809676 0.01641475 0.69212796 0.17249627 0.14969106 0.11135888
 0.36968362 0.0539576  0.88359176 0.25747545 0.61225166 0.09546732
 0.53390728 0.31007573 0.24148215 0.02192948 0.00470847 0.00421554
 0.08151459 0.63886042 0.08825991 0.0539576  0.1200888  0.02646763
 0.00585634 0.53390728 0.08825991 0.19796045 0.81875363 0.05871658
 0.43609338 0.61225166]",0.3448298780570182,0.22853660459011457,0.28767047597327494,0.23275875707841853
df1,0.8500000000000001,0.0,0.8500000000000001,"[0.69212796 0.0416213  0.08825991 0.91946676 0.11135888 0.06932183
 0.55967522 0.16077182 0.25747545 0.0416213  0.06932183 0.08151459
 0.48382277 0.29176485 0.0539576  0.45963725 0.50859953 0.11135888
 0.61225166 0.55967522 0.66552932 0.12937218 0.25747545 0.00652148
 0.1200888  0.81875363 0.09546732 0.63886042 0.58582128 0.8633028
 0.12937218 0.3490397  0.00103409 0.45963725 0.31007573 0.55967522
 0.07520917 0.08151459 0.19796045 0.09546732 0.0416213  0.41323244
 0.01641475 0.18488568 0.84163603 0.01346465 0.74453538 0.24148215
 0.91946676 0.17249627]","[0.02192948 0.05871658 0.29176485 0.18488568 0.00238884 0.11135888
 0.00525377 0.0539576  0.03483221 0.12937218 0.31007573 0.41323244
 0.02192948 0.06932183 0.02192948 0.1200888  0.02903392 0.10315938
 0.12937218 0.05871658 0.04542867 0.19796045 0.18488568 0.06383124
 0.36968362 0.03181713 0.41323244 0.06932183 0.08825991 0.02192948
 0.31007573 0.41323244 0.05871658 0.16077182 0.17249627 0.00336895
 0.50859953 0.07520917 0.14969106 0.43609338 0.04953464 0.00806269
 0.0539576  0.24148215 0.08825991 0.01487416 0.3490397  0.79482654
 0.00212592 0.16077182]",0.3240603676771832,0.15417720758415762,0.2811113458820297,0.16382085397525406
df1,0.9,0.0,0.9,"[3.36894521e-03 1.11358879e-01 5.59675216e-01 5.33907283e-01
 1.26822204e-04 4.83822766e-01 3.91087390e-01 3.69683622e-01
 3.69683622e-01 6.12251659e-01 5.08599525e-01 5.33907283e-01
 6.65529322e-01 8.15145929e-02 9.92823487e-03 9.02355278e-01
 2.41482152e-01 7.25488863e-03 5.33907283e-01 8.63302804e-01
 7.94826541e-01 1.16899447e-03 3.49039701e-01 4.85152370e-04
 4.59637254e-01 7.44535382e-01 4.95346404e-02 4.83822766e-01
 3.91087390e-01 6.65529322e-01 5.25376643e-03 7.18514257e-01
 7.94826541e-01 9.34827271e-01 1.16899447e-03 2.26241661e-01
 5.33907283e-01 3.49039701e-01 4.13232440e-01 2.91764847e-01
 5.33907283e-01 6.52148041e-03 6.38860419e-01 1.84885683e-01
 1.29372179e-01 2.12592488e-03 9.84577388e-01 6.12251659e-01
 2.11739817e-01 3.91087390e-01]","[1.03159376e-01 5.87165796e-02 2.87103585e-04 1.67865304e-03
 3.29168072e-01 1.80967606e-02 1.99311438e-02 3.36894521e-03
 4.54286666e-02 9.92823487e-03 8.15145929e-02 6.52148041e-03
 5.85633896e-03 2.26241661e-01 4.95346404e-02 3.18171260e-02
 1.84885683e-01 4.13232440e-01 3.77043497e-03 1.34646549e-02
 6.93218252e-02 3.49039701e-01 4.16212987e-02 2.68158880e-03
 5.85633896e-03 1.34646549e-02 8.95145539e-03 3.91087390e-01
 1.20088801e-01 3.00718998e-03 2.64676308e-02 3.49039701e-01
 1.21765095e-02 1.48940867e-03 7.52091658e-02 1.03408932e-03
 4.70847031e-03 2.58137431e-05 8.82599083e-02 1.49691056e-01
 2.19294824e-02 1.97960446e-01 8.06268875e-03 8.82599083e-02
 1.49691056e-01 5.85633896e-03 2.41040115e-02 8.95145539e-03
 1.39231997e-01 1.91681353e-04]",0.393730413930127,0.0792812729896895,0.2886103309686649,0.11155238637664416
df1,0.9500000000000001,0.0,0.9500000000000001,"[3.10075730e-01 1.29372179e-01 3.49039701e-01 3.69683622e-01
 4.13232440e-01 1.99311438e-02 6.65529322e-01 3.10075730e-01
 6.92127962e-01 1.03159376e-01 3.91087390e-01 2.91764847e-01
 9.34827271e-01 8.83591758e-01 4.36093382e-01 7.94826541e-01
 2.51182002e-04 2.74233349e-01 1.72496272e-01 1.29372179e-01
 3.91087390e-01 1.84885683e-01 1.60771824e-01 3.48322136e-02
 5.85821277e-01 9.54673207e-02 2.11739817e-01 9.93281626e-01
 2.41482152e-01 9.19466758e-01 6.92127962e-01 3.69683622e-01
 6.65529322e-01 6.38860419e-01 8.06268875e-03 7.18514257e-01
 6.38860419e-01 5.39576008e-02 5.08599525e-01 5.59675216e-01
 8.41636027e-01 4.59637254e-01 8.95145539e-03 8.15145929e-02
 1.49691056e-01 4.83822766e-01 2.41482152e-01 1.39231997e-01
 8.83591758e-01 2.91764847e-01]","[2.91764847e-01 1.99311438e-02 3.18171260e-02 5.25376643e-03
 2.51182002e-04 5.87165796e-02 1.21765095e-02 4.54286666e-02
 9.92823487e-03 2.26241661e-01 9.54673207e-02 1.49691056e-01
 1.89004559e-03 9.13835051e-04 1.84885683e-01 9.54673207e-02
 3.29168072e-01 5.87165796e-02 6.38312357e-02 5.25376643e-03
 1.60771824e-01 3.00718998e-03 6.26876255e-04 6.52148041e-03
 2.38884447e-03 4.95346404e-02 1.89004559e-03 1.32017364e-03
 3.73964604e-04 1.10005675e-02 1.29372179e-01 6.52148041e-03
 2.19294824e-02 6.41076366e-06 2.26241661e-01 1.10005675e-02
 1.89004559e-03 5.39576008e-02 1.45688880e-04 1.25918603e-07
 2.90339156e-02 2.68158880e-03 6.52148041e-03 6.93218252e-02
 5.51757155e-04 1.20088801e-01 1.20088801e-01 1.80967606e-02
 4.70847031e-03 2.26241661e-01]",0.39849604742376926,0.059452610787022575,0.2850196547336303,0.0828907836234505
df1,1.0,0.0,1.0,"[0.00148941 0.24148215 0.03809482 0.90235528 0.43609338 0.0416213
 0.03181713 0.71851426 0.43609338 0.18488568 0.17249627 0.63886042
 0.05871658 0.32916807 0.06383124 0.18488568 0.71851426 0.21173982
 0.06932183 0.01641475 0.03181713 0.32916807 0.58582128 0.12937218
 0.24148215 0.25747545 0.02410401 0.04542867 0.63886042 0.69212796
 0.31007573 0.45963725 0.06932183 0.55967522 0.99589898 0.81875363
 0.58582128 0.11135888 0.63886042 0.02410401 0.27423335 0.8633028
 0.88359176 0.27423335 0.43609338 0.22624166 0.16077182 0.48382277
 0.61225166 0.18488568]","[4.95346404e-02 1.02917236e-05 8.82599083e-02 1.48940867e-03
 7.25488863e-03 1.84885683e-01 4.36093382e-01 2.64676308e-02
 8.06755085e-04 1.48940867e-03 2.91764847e-01 4.21554189e-03
 1.03159376e-01 3.00718998e-03 1.72496272e-01 2.68158880e-03
 1.64147482e-02 4.16212987e-02 8.82599083e-02 2.41040115e-02
 3.48322136e-02 4.54286666e-02 2.99835482e-05 2.68158880e-03
 4.65235514e-06 2.38884447e-03 1.16899447e-03 1.11358879e-01
 2.68158880e-03 7.25488863e-03 3.36269816e-06 7.11507895e-04
 8.15145929e-02 4.67045972e-05 9.58129418e-05 3.47919250e-05
 1.04585220e-06 4.95346404e-02 8.06268875e-03 3.47919250e-05
 1.11358879e-01 6.52148041e-03 4.67045972e-05 2.12592488e-03
 3.77043497e-03 2.64676308e-02 7.51402754e-06 8.06755085e-04
 1.67865304e-03 4.70847031e-03]",0.3488997694427755,0.04098758933243091,0.28275627711011597,0.08067179616131573
df2,0.0,0.0,0.0,"[0.74453538 0.18488568 0.45963725 0.17249627 0.90235528 0.3490397
 0.18488568 0.63886042 0.25747545 0.88359176 0.50859953 0.19796045
 0.81875363 0.88359176 0.96996014 0.88359176 0.63886042 0.96007647
 0.79482654 0.61225166 0.96996014 0.39108739 0.31007573 0.93482727
 0.93482727 0.01217651 0.93482727 0.25747545 0.77002924 0.91946676
 0.90235528 0.01217651 0.32916807 0.96996014 0.32916807 0.79482654
 0.00992823 0.77002924 0.53390728 0.21173982 0.74453538 0.8633028
 0.17249627 0.1200888  0.71851426 0.88359176 0.41323244 0.61225166
 0.77002924 0.31007573]","[0.63886042 0.32916807 0.41323244 0.69212796 0.39108739 0.45963725
 0.45963725 0.8633028  0.06932183 0.74453538 0.22624166 0.22624166
 0.53390728 0.53390728 0.90235528 0.50859953 0.74453538 0.88359176
 0.8633028  0.79482654 0.41323244 0.29176485 0.41323244 0.97808957
 0.43609338 0.01217651 0.84163603 0.48382277 0.71851426 0.66552932
 0.96996014 0.0539576  0.45963725 0.96996014 0.81875363 0.66552932
 0.01346465 0.71851426 0.79482654 0.08151459 0.97808957 0.53390728
 0.16077182 0.19796045 0.55967522 0.98957839 0.53390728 0.81875363
 0.32916807 0.19796045]",0.579047315859457,0.5475680365828335,0.31034539165999075,0.28473145115482545
df2,0.05,0.05,0.0,"[5.87165796e-02 6.38860419e-01 3.18171260e-02 2.91764847e-01
 9.92823487e-03 4.54286666e-02 9.19466758e-01 1.29372179e-01
 5.87165796e-02 6.52148041e-03 3.10075730e-01 3.91087390e-01
 8.63302804e-01 9.78089566e-01 2.91764847e-01 1.60771824e-01
 2.41040115e-02 1.34646549e-02 8.41636027e-01 1.72496272e-01
 1.64147482e-02 4.83822766e-01 4.36093382e-01 2.90339156e-02
 5.33907283e-01 8.82599083e-02 4.70847031e-03 3.27832948e-04
 3.10075730e-01 3.77043497e-03 8.41636027e-01 2.51182002e-04
 2.26241661e-01 2.58137431e-05 6.38312357e-02 4.54286666e-02
 1.49691056e-01 3.29168072e-01 6.12251659e-01 8.82599083e-02
 1.80967606e-02 9.34827271e-01 1.29372179e-01 2.26241661e-01
 6.12251659e-01 2.57475452e-01 5.85633896e-03 1.84885683e-01
 4.54286666e-02 2.26241661e-01]","[4.59637254e-01 9.19466758e-01 1.48940867e-03 4.83822766e-01
 2.26241661e-01 1.03159376e-01 5.85821277e-01 2.57475452e-01
 1.29372179e-01 1.48940867e-03 2.74233349e-01 5.85821277e-01
 6.12251659e-01 6.38860419e-01 5.08599525e-01 2.74233349e-01
 1.21765095e-02 4.54286666e-02 9.99733347e-01 4.13232440e-01
 2.87103585e-04 3.29168072e-01 6.92127962e-01 9.54673207e-02
 9.19466758e-01 3.91087390e-01 5.85633896e-03 2.38884447e-03
 2.41482152e-01 1.64147482e-02 8.63302804e-01 8.06755085e-04
 4.83822766e-01 1.32017364e-03 1.80967606e-02 1.72496272e-01
 2.91764847e-01 4.36093382e-01 5.85821277e-01 2.91764847e-01
 8.15145929e-02 7.18514257e-01 4.59637254e-01 4.54286666e-02
 8.41636027e-01 4.59637254e-01 2.38884447e-03 8.15145929e-02
 3.18171260e-02 4.59637254e-01]",0.2628252615471748,0.33106617046539183,0.2924659362539137,0.29146670556762966
df2,0.1,0.1,0.0,"[5.39576008e-02 2.57475452e-01 2.99835482e-05 1.03408932e-03
 2.99835482e-05 2.87103585e-04 3.69683622e-01 1.48940867e-03
 2.90339156e-02 6.12251659e-01 1.10287908e-04 4.54286666e-02
 8.79830246e-06 5.25376643e-03 5.85821277e-01 7.20954134e-05
 6.52148041e-03 3.47919250e-05 4.36093382e-01 5.87165796e-02
 1.90755446e-05 2.90339156e-02 1.48940867e-03 6.26876255e-04
 1.84885683e-01 9.92823487e-03 3.73964604e-04 1.10287908e-04
 4.85152370e-04 1.67865304e-03 9.58129418e-05 5.25376643e-03
 4.85152370e-04 9.13835051e-04 1.21765095e-02 5.46398884e-06
 3.73964604e-04 1.64147482e-02 1.48741570e-02 5.40313022e-05
 7.51402754e-06 9.58129418e-05 8.15145929e-02 2.41040115e-02
 4.70847031e-03 2.74233349e-01 3.77043497e-03 4.70847031e-03
 8.06268875e-03 2.74233349e-01]","[1.49691056e-01 3.69683622e-01 1.91681353e-04 2.38884447e-03
 3.00718998e-03 1.26822204e-04 6.12251659e-01 9.92823487e-03
 2.90339156e-02 6.12251659e-01 1.32017364e-03 2.41482152e-01
 2.22014992e-05 3.77043497e-03 4.59637254e-01 3.36894521e-03
 1.34646549e-02 1.10287908e-04 2.41482152e-01 1.49691056e-01
 2.12592488e-03 3.48322136e-02 1.10005675e-02 3.73964604e-04
 8.82599083e-02 7.52091658e-02 3.00718998e-03 1.91681353e-04
 5.25376643e-03 5.85633896e-03 4.85152370e-04 1.64147482e-02
 1.67865304e-03 8.95145539e-03 6.52148041e-03 1.67194217e-04
 3.36894521e-03 4.16212987e-02 1.34646549e-02 6.26876255e-04
 2.51182002e-04 1.63732496e-05 5.25376643e-03 2.41040115e-02
 4.21554189e-03 1.72496272e-01 1.80967606e-02 4.54286666e-02
 2.90339156e-02 5.85821277e-01]",0.06836102659909483,0.08214065882799668,0.1469971710666198,0.16228790097063442
df2,0.15000000000000002,0.15000000000000002,0.0,"[1.90755446e-05 5.40313022e-05 1.81007354e-07 8.31541824e-05
 1.45688880e-04 1.67194217e-04 1.23948622e-06 1.48741570e-02
 1.23948622e-06 2.51182002e-04 6.52148041e-03 2.22014992e-05
 4.85152370e-04 1.03408932e-03 4.65235514e-06 2.12592488e-03
 1.40396435e-05 8.79830246e-06 5.40313022e-05 7.20954134e-05
 1.45688880e-04 1.40396435e-05 8.72433497e-08 1.23948622e-06
 3.47919250e-05 2.51182002e-04 4.03308445e-05 7.11507895e-04
 2.85456402e-06 5.46398884e-06 1.90755446e-05 1.20265345e-05
 2.22014992e-05 1.26822204e-04 3.47919250e-05 4.65235514e-06
 2.99835482e-05 1.73569175e-06 6.24445815e-05 1.99311438e-02
 1.63732496e-05 2.05084189e-06 2.38884447e-03 8.06755085e-04
 4.16212987e-02 2.68158880e-03 1.46749215e-06 6.24445815e-05
 3.27832948e-04 2.68158880e-03]","[1.46749215e-06 1.48940867e-03 3.95729931e-06 5.46398884e-06
 7.11507895e-04 8.31541824e-05 5.40313022e-05 6.26876255e-04
 3.42511079e-08 2.41040115e-02 5.85633896e-03 8.31541824e-05
 3.27832948e-04 1.34646549e-02 8.81579698e-07 8.06268875e-03
 7.11507895e-04 7.51402754e-06 8.06755085e-04 3.73964604e-04
 3.73964604e-04 7.20954134e-05 6.24499263e-07 1.02917236e-05
 2.58137431e-05 1.45688880e-04 4.03308445e-05 3.77043497e-03
 1.90755446e-05 9.58129418e-05 1.10287908e-04 8.06755085e-04
 2.87103585e-04 3.00718998e-03 1.45688880e-04 7.51402754e-06
 7.11507895e-04 1.73569175e-06 1.26822204e-04 4.95346404e-02
 1.91681353e-04 1.81007354e-07 7.11507895e-04 3.00718998e-03
 2.91764847e-01 1.48940867e-03 6.24499263e-07 4.85152370e-04
 8.06268875e-03 1.99311438e-02]",0.0019596383533903037,0.008834260189551336,0.0066764772816468665,0.04124157256513795
df2,0.2,0.2,0.0,"[2.16691945e-07 4.65235514e-06 1.19798113e-12 8.31541824e-05
 7.42361542e-07 3.00652497e-14 5.46398884e-06 3.07948375e-12
 1.46749215e-06 9.19151252e-11 2.19534247e-04 3.69535722e-07
 4.65235514e-06 2.67703473e-09 8.72433497e-08 6.24499263e-07
 4.89436847e-09 1.90755446e-05 1.78141737e-09 3.95729931e-06
 3.35473948e-10 1.63732496e-05 3.69535722e-07 1.23116467e-11
 8.86732425e-09 2.33983459e-08 1.25918603e-07 7.25098046e-08
 9.19151252e-11 1.93824891e-11 5.24820678e-07 8.81579698e-07
 2.42826791e-11 2.59150246e-07 2.16691945e-07 4.85152370e-04
 1.91681353e-04 1.04864874e-07 1.51046944e-07 3.36269816e-06
 1.63732496e-05 1.63732496e-05 4.13773042e-08 4.03308445e-05
 2.85456402e-06 1.46749215e-06 1.04585220e-06 7.25098046e-08
 4.65235514e-06 1.78141737e-09]","[1.04585220e-06 4.03308445e-05 1.54554888e-11 2.99835482e-05
 1.91681353e-04 4.74591296e-11 2.05084189e-06 1.31118659e-08
 6.24445815e-05 3.42511079e-08 6.26876255e-04 7.25098046e-08
 4.99357648e-08 2.16691945e-07 8.72433497e-08 7.51402754e-06
 1.04864874e-07 4.65235514e-06 6.32216726e-10 2.51182002e-04
 2.42077577e-06 5.51757155e-04 9.58129418e-05 9.79737413e-12
 1.51046944e-07 1.04585220e-06 8.72433497e-08 1.73569175e-06
 6.02037032e-08 1.45098666e-09 1.20265345e-05 1.63732496e-05
 5.97265054e-09 1.51046944e-07 1.73569175e-06 2.68158880e-03
 1.03408932e-03 1.46749215e-06 2.59150246e-07 5.46398884e-06
 8.06755085e-04 8.79830246e-06 3.36269816e-06 1.02917236e-05
 6.41076366e-06 4.03308445e-05 2.22014992e-05 4.03308445e-05
 2.58137431e-05 8.86732425e-09]",2.2530581172263593e-05,0.0001317775790389276,7.807376242193998e-05,0.00042097232411451114
df2,0.25,0.25,0.0,"[2.71047184e-10 4.65235514e-06 1.23116467e-11 1.92461767e-12
 2.18772050e-10 2.18772050e-10 9.43717929e-13 2.83236331e-08
 2.71047184e-10 1.54554888e-11 6.32216726e-10 2.43574207e-12
 7.79334122e-10 2.67024896e-16 5.97265054e-09 8.86732425e-09
 2.43574207e-12 9.43717929e-13 7.79334122e-10 7.79334122e-10
 3.09615598e-07 1.31118659e-08 1.07881685e-08 2.18488808e-09
 7.38137688e-11 1.78141737e-09 3.00652497e-14 8.21358136e-14
 7.38137688e-11 2.81965513e-13 6.18553174e-12 7.25098046e-08
 3.69535722e-07 9.19151252e-11 2.67703473e-09 2.05084189e-06
 1.42091476e-10 6.02037032e-08 3.03909276e-11 1.76400398e-10
 7.38137688e-11 9.79737413e-12 1.04864874e-07 1.34933703e-13
 4.00670801e-09 2.20772463e-13 9.59715417e-10 5.97265054e-09
 7.28113471e-09 1.23116467e-11]","[4.14795066e-10 4.26159664e-04 4.89436847e-09 4.13773042e-08
 1.45098666e-09 2.33983459e-08 3.35473948e-10 4.99357648e-08
 4.74591296e-11 4.89436847e-09 8.72433497e-08 1.76400398e-10
 1.04864874e-07 1.19798113e-12 1.51046944e-07 5.24820678e-07
 7.78867068e-12 1.25918603e-07 3.42511079e-08 4.89436847e-09
 1.07881685e-08 4.40608072e-07 8.79830246e-06 4.00670801e-09
 9.59715417e-10 8.72433497e-08 3.59754634e-13 3.03909276e-11
 2.18488808e-09 1.14339735e-10 1.45098666e-09 4.65235514e-06
 2.87103585e-04 1.51046944e-07 7.42361542e-07 2.59150246e-07
 1.18065325e-09 1.93100400e-08 1.81007354e-07 3.42511079e-08
 8.86732425e-09 3.42511079e-08 6.41076366e-06 3.79972059e-11
 4.00670801e-09 6.18553174e-12 2.59150246e-07 1.40396435e-05
 4.67045972e-05 3.27672622e-09]",1.543306303121025e-07,1.5945483514369206e-05,7.058766049045019e-07,7.12527154446635e-05
df2,0.30000000000000004,0.30000000000000004,0.0,"[9.79737413e-12 9.52846065e-19 5.30299497e-19 4.74591296e-11
 2.18494984e-19 2.26988766e-15 2.81965513e-13 8.93744884e-17
 3.50171296e-16 1.72684385e-13 2.43574207e-12 1.27528784e-18
 1.80794013e-14 5.74326505e-21 2.67024896e-16 2.20772463e-13
 8.21358136e-14 2.26988766e-15 7.42666811e-13 5.12353012e-10
 1.54798729e-16 8.21358136e-14 3.87118023e-14 3.89102510e-17
 1.67853513e-17 6.39848579e-14 2.20772463e-13 2.95255083e-15
 2.47371214e-22 1.33749750e-15 8.81579698e-07 2.94303610e-17
 1.27528784e-18 5.30299497e-19 1.70510155e-18 1.80794013e-14
 1.54798729e-16 8.93744884e-17 2.95255083e-15 3.87118023e-14
 2.93930826e-19 1.08277464e-14 2.43574207e-12 3.35473948e-10
 7.20954134e-05 2.95255083e-15 1.39985076e-14 1.62253462e-19
 2.95255083e-15 1.08277464e-14]","[3.03909276e-11 1.34933703e-13 8.21358136e-14 1.51920849e-12
 8.36667685e-15 2.95255083e-15 5.92172623e-11 1.19798113e-12
 2.43574207e-12 3.03909276e-11 5.24820678e-07 6.78067547e-17
 8.21358136e-14 7.84899525e-16 3.59754634e-13 1.54554888e-11
 2.71047184e-10 3.07948375e-12 1.42091476e-10 6.02037032e-08
 3.00652497e-14 1.23116467e-11 4.74591296e-11 1.34933703e-13
 2.26988766e-15 1.34933703e-13 1.14339735e-10 1.34933703e-13
 3.50171296e-16 2.20772463e-13 1.46749215e-06 2.67024896e-16
 2.22374207e-17 2.33262567e-14 8.21358136e-14 2.18772050e-10
 2.33262567e-14 7.42666811e-13 1.05328756e-13 3.79972059e-11
 7.84899525e-16 4.90739183e-12 5.92172623e-11 4.13773042e-08
 4.85152370e-04 2.81965513e-13 9.43717929e-13 4.58538879e-13
 3.87118023e-14 9.43717929e-13]",1.459558101884528e-06,9.744946403792867e-06,1.009159088017894e-05,6.791569140752677e-05
df2,0.35000000000000003,0.35000000000000003,0.0,"[7.84899525e-16 4.97944383e-14 1.51487883e-26 1.20365650e-19
 1.26570821e-17 1.74328977e-15 6.60370667e-20 5.30299497e-19
 1.85625733e-23 1.06410050e-20 2.39934411e-25 1.62253462e-19
 1.26570821e-17 3.40355762e-22 3.83661921e-15 2.22374207e-17
 1.96348850e-20 4.58740572e-16 1.27976799e-27 1.54798729e-16
 1.96348850e-20 8.81076169e-22 2.95255083e-15 7.11203305e-19
 3.03881495e-18 5.39368124e-18 1.20730402e-21 1.44619791e-20
 5.13913233e-17 1.82433512e-24 1.39985076e-14 2.93930826e-19
 2.47371214e-22 3.60824945e-20 2.57505865e-23 6.91059303e-24
 1.27528784e-18 1.33749750e-15 7.84899525e-16 2.60622931e-27
 2.33262567e-14 1.20730402e-21 2.03413945e-16 8.92004797e-20
 2.94303610e-17 3.03881495e-18 5.13913233e-17 6.45842239e-15
 8.58131384e-26 2.95255083e-15]","[2.18772050e-10 1.93824891e-11 5.74326505e-21 3.83661921e-15
 1.74328977e-15 9.43717929e-13 3.50171296e-16 3.50171296e-16
 9.52846065e-19 2.18494984e-19 6.60370667e-20 4.98033280e-15
 3.83661921e-15 2.18494984e-19 1.08277464e-14 6.00359848e-16
 1.70510155e-18 1.93824891e-11 3.08714081e-21 1.17682447e-16
 6.78067547e-17 1.67853513e-17 2.18772050e-10 8.36667685e-15
 1.74328977e-15 1.08277464e-14 7.17482117e-18 6.45842239e-15
 1.34933703e-13 6.83217462e-23 5.92172623e-11 2.03413945e-16
 3.08714081e-21 7.84899525e-16 8.93744884e-17 1.54798729e-16
 4.97944383e-14 4.90739183e-12 1.39985076e-14 1.96348850e-20
 4.90739183e-12 1.17682447e-16 2.20772463e-13 1.74328977e-15
 7.78867068e-12 1.26570821e-17 8.21358136e-14 1.51920849e-12
 4.96114708e-24 2.95255083e-15]",2.179629486876852e-15,1.1123090973472673e-11,7.825890606458246e-15,4.333737686733113e-11
df2,0.4,0.4,0.0,"[1.76381982e-30 2.47371214e-22 1.13678721e-29 1.33749750e-15
 5.69539852e-31 4.67812431e-22 1.44619791e-20 6.60370667e-20
 1.24351631e-31 9.43897459e-23 5.41174667e-30 6.83217462e-23
 1.22324939e-36 9.52846065e-19 6.60370667e-20 2.54904105e-24
 5.64011511e-33 6.64674147e-25 3.03881495e-18 7.88918156e-34
 3.81363460e-33 1.82433512e-24 3.08714081e-21 1.33672873e-23
 4.96114708e-24 6.60370667e-20 9.31581113e-25 9.52846065e-19
 6.07873598e-26 9.43897459e-23 8.31031105e-31 6.91059303e-24
 3.43417798e-29 9.43897459e-23 9.43897459e-23 3.40355762e-22
 1.06757971e-26 5.74326505e-21 2.12365474e-28 2.66678482e-31
 6.60370667e-20 1.76381982e-30 4.05057199e-18 6.83217462e-23
 1.82724155e-27 2.66678482e-31 1.81313081e-32 9.31581113e-25
 4.88387176e-20 4.73751051e-25]","[3.60824945e-20 4.05057199e-18 4.73751051e-25 2.18772050e-10
 1.82433512e-24 9.52846065e-19 8.93744884e-17 1.96348850e-20
 4.73751051e-25 1.06410050e-20 4.30155538e-26 7.17482117e-18
 4.95418960e-29 2.03413945e-16 1.20365650e-19 2.93930826e-19
 1.24351631e-31 5.74326505e-21 6.39848579e-14 2.12365474e-28
 4.73751051e-25 1.70510155e-18 5.39368124e-18 2.66308246e-20
 1.20365650e-19 1.34933703e-13 7.84899525e-16 2.26988766e-15
 3.60824945e-20 1.26570821e-17 1.33672873e-23 5.39368124e-18
 4.30155538e-26 3.60824945e-20 5.74326505e-21 4.21288896e-21
 1.06410050e-20 6.78067547e-17 1.70487812e-25 1.47818613e-28
 2.95255083e-15 2.14737506e-26 5.30299497e-19 5.74326505e-21
 1.62253462e-19 2.54904105e-24 7.13959478e-29 6.42340318e-22
 6.78067547e-17 6.83217462e-23]",2.6936609159191902e-17,4.379548859257586e-12,1.8722435666926127e-16,3.062750715509229e-11
df2,0.45,0.45,0.0,"[1.76381982e-30 4.95418960e-29 1.76381982e-30 9.50443824e-36
 2.56565447e-30 1.07520219e-34 1.22979552e-32 2.47371214e-22
 3.40355762e-22 2.37806656e-29 2.54904105e-24 2.54904105e-24
 7.88918156e-34 3.55797286e-24 3.81363460e-33 1.67491922e-40
 2.60622931e-27 3.21175996e-35 2.60622931e-27 3.37322101e-25
 1.64503886e-29 3.43417798e-29 3.04081795e-26 3.92888730e-32
 8.31031105e-31 5.77449424e-32 8.95402666e-28 5.77449424e-32
 8.33270257e-33 1.21017203e-25 1.00942344e-37 8.33270257e-33
 8.47828272e-32 8.09234334e-37 3.04782586e-28 3.65403168e-45
 1.47818613e-28 2.56565447e-30 2.56565447e-30 3.04782586e-28
 6.32047121e-36 8.58131384e-26 1.87374272e-38 8.02241615e-39
 8.47828272e-32 8.58131384e-26 8.47828272e-32 4.73751051e-25
 2.57596005e-33 7.13959478e-29]","[3.37322101e-25 2.47371214e-22 7.51579753e-27 1.85625733e-23
 3.55797286e-24 1.51487883e-26 2.12365474e-28 2.18494984e-19
 5.30299497e-19 6.60370667e-20 1.62253462e-19 5.74326505e-21
 7.51579753e-27 3.89102510e-17 9.61617488e-24 9.50443824e-36
 3.04081795e-26 3.72814291e-30 1.70487812e-25 1.20365650e-19
 2.12365474e-28 1.70487812e-25 1.30432533e-24 2.60622931e-27
 1.33672873e-23 4.73751051e-25 4.96114708e-24 9.31581113e-25
 1.47818613e-28 1.33672873e-23 4.36966274e-28 1.13678721e-29
 6.64674147e-25 7.19492833e-35 1.02784044e-28 4.19874897e-36
 1.85625733e-23 1.85625733e-23 2.14737506e-26 7.51579753e-27
 5.64011511e-33 2.18494984e-19 2.66678482e-31 5.69539852e-31
 1.33672873e-23 2.93930826e-19 2.57505865e-23 2.93930826e-19
 2.56565447e-30 1.30270202e-22]",1.1950484593196982e-23,8.164064594691188e-19,5.829577710924669e-23,5.4429336759603526e-18
df2,0.5,0.5,0.0,"[1.88177121e-41 1.19205281e-52 2.30592786e-45 1.08397407e-40
 2.91986566e-41 2.91986566e-41 7.00791465e-41 1.13678721e-29
 1.00942344e-37 4.35811909e-38 5.78417409e-45 5.77449424e-32
 2.91986566e-41 5.41174667e-30 1.07520219e-34 1.21147719e-41
 1.08397407e-40 1.30270202e-22 5.77449424e-32 3.92888730e-32
 2.22993385e-39 2.14251154e-35 2.60622931e-27 8.31031105e-31
 3.56590826e-34 2.19550867e-43 3.56590826e-34 5.77449424e-32
 8.09234334e-37 8.09234334e-37 2.67038982e-32 1.88177121e-41
 2.91986566e-41 4.35811909e-38 7.79126605e-42 1.45226397e-39
 1.00942344e-37 5.24109088e-39 3.44263650e-43 1.13678721e-29
 1.53384053e-37 1.47818613e-28 3.44263650e-43 4.35811909e-38
 3.53047956e-37 9.44810349e-40 3.21175996e-35 1.17161696e-33
 6.14029324e-40 1.84715262e-36]","[7.19492833e-35 8.90129708e-44 9.50443824e-36 2.14251154e-35
 2.56565447e-30 7.88918156e-34 8.02241615e-39 1.70487812e-25
 2.67038982e-32 8.95402666e-28 1.22979552e-32 4.36966274e-28
 2.39365688e-34 7.51579753e-27 6.25831333e-28 1.73815304e-33
 8.33270257e-33 4.67812431e-22 8.58131384e-26 9.31581113e-25
 1.64503886e-29 7.13959478e-29 8.58131384e-26 1.47818613e-28
 1.30432533e-24 6.32047121e-36 2.60622931e-27 1.06757971e-26
 2.56565447e-30 5.41174667e-30 2.57505865e-23 1.82198508e-31
 1.81313081e-32 1.22979552e-32 1.76381982e-30 1.82198508e-31
 2.37806656e-29 2.14737506e-26 1.21147719e-41 1.85625733e-23
 2.12365474e-28 4.67812431e-22 7.13959478e-29 1.02784044e-28
 2.56565447e-30 1.76381982e-30 1.13678721e-29 2.54904105e-24
 1.13678721e-29 2.57596005e-33]",2.605459715253316e-24,1.9702199959150955e-23,1.8237820400748653e-23,9.157563858647217e-23
df2,0.55,0.55,0.0,"[7.00791465e-41 1.21147719e-41 5.75863544e-46 1.64306603e-50
 2.91986566e-41 4.85066545e-49 3.59372037e-44 1.21147719e-41
 2.30592786e-45 3.44263650e-43 1.53384053e-37 7.00791465e-41
 5.34786658e-37 5.00547265e-42 3.53047956e-37 7.00791465e-41
 8.92358057e-47 6.63610190e-38 1.19205281e-52 3.27921374e-48
 2.80617232e-55 8.90129708e-44 4.35811909e-38 6.63610190e-38
 2.80617232e-55 5.77449424e-32 2.19550867e-43 8.90129708e-44
 8.47828272e-32 1.14419204e-49 2.03688601e-48 3.53047956e-37
 1.45226397e-39 1.07520219e-34 9.44810349e-40 1.39869353e-43
 6.32047121e-36 5.89559709e-54 1.39869353e-43 5.75863544e-46
 2.27983976e-44 9.15418035e-46 2.22993385e-39 3.79042144e-51
 9.44810349e-40 3.42045584e-39 1.21147719e-41 2.19550867e-43
 1.26387580e-48 5.39250695e-43]","[2.78636314e-36 8.47828272e-32 2.78636314e-36 2.27983976e-44
 1.22979552e-32 1.24351631e-31 1.81313081e-32 3.56590826e-34
 8.02241615e-39 2.39365688e-34 7.13959478e-29 1.22324939e-36
 3.43417798e-29 4.80962056e-35 3.56590826e-34 1.21132482e-30
 1.22324939e-36 2.56565447e-30 2.22993385e-39 8.09234334e-37
 3.59372037e-44 3.92888730e-32 4.36966274e-28 1.47818613e-28
 1.67491922e-40 1.27976799e-27 1.00942344e-37 1.81313081e-32
 1.27976799e-27 5.00547265e-42 5.34786658e-37 2.14737506e-26
 6.32047121e-36 7.13959478e-29 1.73815304e-33 6.32047121e-36
 2.14251154e-35 5.65883768e-44 1.67491922e-40 8.09234334e-37
 4.19874897e-36 3.89924968e-31 1.82198508e-31 7.00791465e-41
 3.92888730e-32 1.82198508e-31 8.09234334e-37 7.88918156e-34
 4.35811909e-38 1.84715262e-36]",2.852863802838493e-33,4.960015259894146e-28,1.4223695841291953e-32,3.007726297154714e-27
df2,0.6000000000000001,0.6000000000000001,0.0,"[8.47223917e-48 4.39427779e-53 1.68303018e-55 1.21147719e-41
 9.55803990e-58 1.17241363e-58 2.66373322e-53 2.66373322e-53
 8.47223917e-48 7.65993218e-57 6.18686551e-51 2.17967002e-47
 4.34507678e-50 8.30820763e-60 2.67335366e-50 1.26387580e-48
 1.60190536e-64 2.14572537e-54 1.00877229e-50 2.31976235e-51
 2.30592786e-45 2.14572537e-54 9.75688065e-54 1.07520219e-34
 3.22000728e-52 1.41820348e-51 9.55803990e-58 3.60781842e-56
 5.28378753e-52 4.52588482e-41 9.75688065e-54 1.42453006e-46
 1.00833823e-55 1.64306603e-50 4.55991975e-57 6.14029324e-40
 4.34507678e-50 2.67335366e-50 2.03688601e-48 1.64306603e-50
 5.75863544e-46 5.75863544e-46 1.00877229e-50 1.61299095e-53
 1.61299095e-53 5.28378753e-52 4.19874897e-36 1.45226397e-39
 3.35470507e-58 3.79042144e-51]","[6.63610190e-38 8.90129708e-44 1.45365542e-45 1.73815304e-33
 2.31976235e-51 7.83398323e-49 1.45226397e-39 5.39250695e-43
 6.32047121e-36 2.91986566e-41 2.58531714e-40 4.35811909e-38
 4.52588482e-41 1.00877229e-50 4.35811909e-38 2.30592786e-45
 1.00877229e-50 5.00547265e-42 1.87374272e-38 2.32827146e-37
 8.09234334e-37 3.59372037e-44 1.84715262e-36 2.56565447e-30
 8.43789069e-43 5.39250695e-43 1.45226397e-39 4.85066545e-49
 1.00942344e-37 1.67491922e-40 6.14029324e-40 6.14029324e-40
 3.49058990e-47 1.45226397e-39 2.27983976e-44 1.60509935e-34
 3.44263650e-43 3.44263650e-43 3.42045584e-39 1.44479841e-44
 5.24109088e-39 3.56590826e-34 1.45226397e-39 5.75863544e-46
 7.79126605e-42 1.39869353e-43 8.31031105e-31 1.82198508e-31
 2.14572537e-54 3.44263650e-43]",2.2344218425655176e-36,7.16229767062717e-32,1.5052305501901933e-35,3.7549707009807154e-31
df2,0.65,0.65,0.0,"[2.40288390e-59 3.79042144e-51 6.62107000e-62 2.71159835e-57
 2.80617232e-55 3.35470507e-58 1.28537148e-56 1.00833823e-55
 3.60781842e-56 4.87748802e-60 3.35470507e-58 9.80545229e-61
 9.55803990e-58 2.66373322e-53 4.67383798e-55 2.86035082e-60
 7.65993218e-57 1.68303018e-55 1.96022961e-52 4.07987974e-59
 3.55862494e-54 2.51694654e-63 7.05469515e-50 1.61075424e-57
 1.68303018e-55 1.29719007e-62 5.89559709e-54 1.61075424e-57
 1.42453006e-46 2.15460932e-56 3.55535840e-70 1.99260921e-70
 1.00877229e-50 3.56463042e-69 6.62107000e-62 7.83398323e-49
 7.77624575e-55 3.34696584e-61 1.08402131e-71 5.89559709e-54
 2.66373322e-53 3.02883737e-65 1.29241929e-54 2.14572537e-54
 3.02883737e-65 3.02883737e-65 3.17823276e-73 1.17241363e-58
 2.66373322e-53 1.29719007e-62]","[3.59372037e-44 9.44810349e-40 5.89559709e-54 5.27367686e-48
 8.90129708e-44 1.42453006e-46 5.27367686e-48 3.61877620e-46
 8.90129708e-44 3.22000728e-52 1.14419204e-49 3.61877620e-46
 1.96022961e-52 1.45226397e-39 1.14419204e-49 2.27167277e-46
 1.26387580e-48 9.75688065e-54 3.42045584e-39 3.35470507e-58
 1.31892718e-42 4.67383798e-55 4.52588482e-41 5.58403660e-47
 3.27921374e-48 1.42453006e-46 1.42774613e-35 9.14645852e-45
 7.79126605e-42 3.79042144e-51 6.03472099e-56 1.98571665e-68
 2.27983976e-44 4.55991975e-57 3.61877620e-46 4.52588482e-41
 4.85066545e-49 3.55862494e-54 1.98426668e-58 1.45365542e-45
 7.79126605e-42 6.18686551e-51 1.39869353e-43 1.44479841e-44
 1.00877229e-50 8.30820763e-60 3.84964189e-62 3.49058990e-47
 3.61877620e-46 2.27167277e-46]",2.866422522041584e-48,2.8566773353419594e-37,1.994124308836772e-47,1.9988277256833725e-36
df2,0.7000000000000001,0.7000000000000001,0.0,"[2.51694654e-63 7.51786428e-63 7.24139755e-53 1.96475612e-84
 1.09543157e-67 3.40157297e-67 1.17241363e-58 2.78496894e-64
 9.80545229e-61 9.80545229e-61 3.48503975e-71 2.15460932e-56
 1.12821388e-69 1.12138242e-68 2.95679025e-74 5.36256123e-74
 5.28280757e-65 8.39040599e-64 4.55991975e-57 1.03520885e-72
 2.93851005e-79 6.62107000e-62 4.83655003e-64 1.32590390e-76
 5.89559709e-54 8.39040599e-64 2.70316908e-75 3.51245105e-68
 2.95679025e-74 6.91984994e-59 6.20630182e-68 1.93137901e-67
 1.98571665e-68 1.96022961e-52 3.35720833e-72 1.17241363e-58
 1.99260921e-70 1.93137901e-67 7.51786428e-63 1.32590390e-76
 6.03472099e-56 4.55991975e-57 1.93137901e-67 1.48234930e-75
 1.98571665e-68 2.20389449e-86 1.11555042e-70 5.73182083e-61
 5.28280757e-65 6.33684532e-70]","[4.34507678e-50 2.31976235e-51 8.92358057e-47 3.56463042e-69
 1.00877229e-50 6.18686551e-51 3.49058990e-47 7.77624575e-55
 7.83398323e-49 4.85066545e-49 1.41820348e-51 5.27367686e-48
 1.61075424e-57 1.41820348e-51 1.09543157e-67 2.51694654e-63
 1.14419204e-49 1.64306603e-50 1.42453006e-46 5.73182083e-61
 1.60190536e-64 2.15460932e-56 1.14419204e-49 4.87748802e-60
 3.44263650e-43 3.60781842e-56 8.30820763e-60 2.15460932e-56
 4.35229159e-63 9.75688065e-54 2.15460932e-56 9.55803990e-58
 2.15460932e-56 1.35963995e-47 6.03472099e-56 2.31976235e-51
 5.66557381e-58 6.03472099e-56 7.05469515e-50 5.73182083e-61
 4.34507678e-50 8.92358057e-47 3.60781842e-56 8.39040599e-64
 1.28537148e-56 3.51245105e-68 2.66373322e-53 1.00877229e-50
 7.77624575e-55 2.14572537e-54]",5.488477051251907e-54,6.892801116852729e-45,2.905077558425658e-53,4.819584279384443e-44
df2,0.75,0.75,0.0,"[1.08402131e-071 5.73909492e-073 3.71514939e-084 1.84628285e-066
 3.51245105e-068 7.12229959e-081 2.34155676e-088 9.92411958e-066
 3.11335148e-082 7.23127196e-077 4.92403790e-075 2.47190518e-080
 1.00649935e-078 4.92403790e-075 1.32590390e-076 3.84964189e-062
 2.70316908e-075 1.93137901e-067 3.28405359e-089 4.83655003e-064
 1.12138242e-068 4.59749627e-080 5.30232749e-105 9.71516714e-074
 2.70316908e-075 2.14384629e-077 1.09249502e-081 1.86526077e-072
 8.39040599e-064 1.62852672e-074 1.93137901e-067 1.11555042e-070
 3.17823276e-073 1.98571665e-068 3.81678704e-081 5.83529742e-082
 3.55535840e-070 3.71514939e-084 2.49517973e-083 1.84628285e-066
 1.12821388e-069 1.00649935e-078 5.73909492e-073 3.49368581e-099
 1.09543157e-067 5.47688639e-085 3.81678704e-081 1.94472818e-071
 1.32590390e-076 1.75814506e-073]","[2.86035082e-60 1.98426668e-58 1.05170761e-66 1.29241929e-54
 3.60781842e-56 2.86035082e-60 6.20630182e-68 6.03472099e-56
 1.98571665e-68 3.35470507e-58 3.35470507e-58 6.33684532e-70
 2.15460932e-56 4.07987974e-59 1.29719007e-62 3.27921374e-48
 1.98426668e-58 9.80545229e-61 3.55535840e-70 3.60781842e-56
 2.71159835e-57 1.93137901e-67 8.11994820e-76 1.00833823e-55
 4.35229159e-63 8.30820763e-60 6.23856139e-71 4.35229159e-63
 2.80617232e-55 3.34696584e-61 9.80545229e-61 7.65993218e-57
 1.98426668e-58 8.66108972e-52 1.12821388e-69 2.78496894e-64
 1.61075424e-57 9.71516714e-74 1.45399317e-63 1.00833823e-55
 9.80545229e-61 1.98571665e-68 9.80545229e-61 4.92403790e-75
 1.41368557e-59 1.99260921e-70 1.98571665e-68 1.68303018e-55
 9.92411958e-66 1.29719007e-62]",7.966658960733198e-64,6.560163920384339e-50,5.387352699060138e-63,4.5908745909596664e-49
df2,0.8,0.8,0.0,"[7.12229959e-081 4.19972342e-086 2.42847792e-076 4.56007306e-090
 2.24489973e-092 1.03791356e-084 1.51998109e-085 1.10963247e-097
 1.10963247e-097 1.21599162e-090 1.00649935e-078 1.48234930e-075
 7.99410344e-086 3.28405359e-089 1.09249502e-081 3.22816176e-091
 2.15264578e-100 1.32395344e-083 1.51998109e-085 2.24489973e-092
 5.88045765e-093 7.01720636e-084 7.01720636e-084 5.47688639e-085
 3.16384036e-087 3.93950762e-077 4.56007306e-090 1.96475612e-084
 4.49681448e-088 7.01720636e-084 7.99410344e-086 4.32796803e-100
 3.43236847e-078 1.45786612e-106 1.32590390e-076 6.32804820e-078
 4.56007306e-090 1.02898789e-094 2.95679025e-074 4.59749627e-080
 7.12229959e-081 4.56007306e-090 4.37887891e-092 1.96475612e-084
 1.57064610e-102 5.83529742e-082 3.28405359e-089 2.34155676e-088
 1.34076199e-095 4.37887891e-092]","[5.28280757e-65 2.93851005e-79 5.67148232e-66 1.11555042e-70
 1.03520885e-72 1.12138242e-68 1.11555042e-70 5.22248187e-95
 1.58514471e-79 1.99260921e-70 1.73467612e-65 4.83655003e-64
 2.51694654e-63 1.73467612e-65 1.62852672e-74 5.44137500e-79
 3.93950762e-77 1.73467612e-65 1.84628285e-66 1.51998109e-85
 3.23766600e-66 4.44304977e-76 4.92403790e-75 1.98571665e-68
 3.48503975e-71 2.15460932e-56 1.75814506e-73 1.86526077e-72
 1.48234930e-75 3.02883737e-65 1.84628285e-66 8.11994820e-76
 2.00649704e-69 8.53187607e-92 9.20417879e-65 6.20630182e-68
 7.23127196e-77 1.09543157e-67 2.86035082e-60 3.51245105e-68
 2.78496894e-64 6.33684532e-70 6.32804820e-78 2.95679025e-74
 5.47688639e-85 1.09543157e-67 7.23127196e-77 1.75814506e-73
 5.36256123e-74 2.00649704e-69]",6.295182787927644e-76,4.309791420213425e-58,4.1393760793539747e-75,3.0164448964216037e-57
df2,0.8500000000000001,0.8500000000000001,0.0,"[1.87460385e-103 2.59001339e-105 1.87460385e-103 4.37887891e-092
 7.99410344e-086 7.74187875e-103 7.99410344e-086 1.66475925e-107
 1.34076199e-095 2.55501261e-111 1.72947631e-096 1.08427351e-104
 1.72947631e-096 2.64763111e-095 1.30265891e-101 1.10963247e-097
 1.34076199e-095 3.42673436e-096 1.14959907e-092 8.81591837e-090
 6.78202527e-096 7.08090934e-107 4.32796803e-100 5.30232749e-105
 6.78202527e-096 2.34155676e-088 2.15264578e-100 7.81799073e-094
 7.81799073e-094 3.42673436e-096 1.34076199e-095 1.53350669e-093
 5.34499160e-111 3.49368581e-099 2.20389449e-086 6.26880529e-091
 1.66475925e-107 1.06947759e-100 1.39799851e-098 2.21472141e-104
 1.57064610e-102 1.08402131e-071 4.32796803e-100 2.64763111e-095
 1.53350669e-093 3.32649959e-115 2.15264578e-100 1.10963247e-097
 3.42673436e-096 2.21472141e-104]","[1.70247332e-089 1.70247332e-089 5.83529742e-082 5.36256123e-074
 1.93137901e-067 1.96475612e-084 1.98571665e-068 7.23127196e-077
 6.04906014e-087 2.21472141e-104 1.32590390e-076 4.19972342e-086
 2.42847792e-076 3.71514939e-084 1.53350669e-093 6.32804820e-078
 1.32590390e-076 2.88686263e-085 2.04313811e-081 1.48234930e-075
 1.12138242e-068 1.21792979e-088 5.47688639e-085 4.37887891e-092
 8.54149129e-080 3.48503975e-071 1.15526050e-086 6.32585939e-069
 7.12229959e-081 4.92403790e-075 1.00649935e-078 1.96475612e-084
 2.24489973e-092 1.32590390e-076 1.12821388e-069 5.98442251e-067
 6.04906014e-087 1.65295008e-087 6.32804820e-078 7.01720636e-084
 1.09249502e-081 5.73182083e-061 5.44137500e-079 2.70316908e-075
 1.94472818e-071 4.49681448e-088 2.47190518e-080 2.42847792e-076
 1.11555042e-070 6.26880529e-091]",2.16804262338875e-73,1.1463658255549587e-62,1.517629836372099e-72,8.024548917873298e-62
df2,0.9,0.9,0.0,"[3.67099579e-119 2.99814789e-106 9.20882547e-104 2.97606811e-113
 2.71351259e-127 4.39057786e-097 1.87460385e-103 4.51863753e-104
 1.49462228e-114 1.26370308e-105 1.45786612e-106 4.37383916e-109
 1.39799851e-098 6.26869005e-113 4.55467848e-130 7.08090934e-107
 1.08427351e-104 3.66625391e-120 1.57064610e-102 1.74357044e-099
 2.59001339e-105 7.89408622e-119 5.81830416e-112 3.78658116e-137
 2.64763111e-095 6.78202527e-096 1.88166010e-108 2.20848376e-097
 1.45786612e-106 4.32796803e-100 3.56765397e-117 5.30739252e-101
 2.10514288e-109 2.15264578e-100 1.62932937e-122 2.35609537e-090
 2.33113443e-110 4.49681448e-088 3.43531867e-107 1.88166010e-108
 1.11687624e-110 1.45786612e-106 2.02515198e-094 3.56765397e-117
 2.55501261e-111 7.19151616e-124 2.64763111e-095 5.56898878e-098
 7.79563234e-118 5.30739252e-101]","[4.56007306e-090 4.19972342e-086 2.93851005e-079 6.78202527e-096
 1.45786612e-106 3.93950762e-077 5.47688639e-085 7.99410344e-086
 6.26880529e-091 4.69733763e-083 2.49517973e-083 2.02515198e-094
 7.12229959e-081 5.88045765e-093 8.71890126e-097 4.37887891e-092
 1.96475612e-084 8.69173129e-100 2.49517973e-083 2.42847792e-076
 3.42673436e-096 5.30739252e-101 4.19972342e-086 1.11687624e-110
 6.32804820e-078 3.81678704e-081 1.21792979e-088 3.71514939e-084
 3.22816176e-091 4.69733763e-083 1.26370308e-105 8.54149129e-080
 5.47688639e-085 2.88686263e-085 3.43531867e-107 1.00649935e-078
 6.26880529e-091 1.62852672e-074 5.22248187e-095 8.62627431e-088
 1.14959907e-092 6.26880529e-091 1.16538558e-077 1.30265891e-101
 8.81591837e-090 5.34499160e-111 7.12229959e-081 1.16538558e-077
 3.22816176e-091 7.99410344e-086]",9.040756120803647e-90,3.319709970233342e-76,6.294953407629437e-89,2.2793004712606464e-75
df2,0.9500000000000001,0.9500000000000001,0.0,"[1.21995247e-111 3.63777125e-118 7.48112939e-123 4.37383916e-109
 4.51863753e-104 1.50038437e-124 1.56663455e-115 3.63777125e-118
 1.21995247e-111 3.43101012e-123 1.66865694e-117 1.66865694e-117
 7.89408622e-119 6.15879083e-106 7.79563234e-118 4.85997494e-110
 1.07337441e-143 1.49462228e-114 3.67099579e-119 9.20882547e-104
 3.56765397e-117 1.69706671e-120 3.63777125e-118 5.53102464e-128
 1.50038437e-124 5.29370851e-135 1.62932937e-122 1.88166010e-108
 6.26869005e-113 7.89408622e-119 1.66865694e-117 7.61901024e-117
 3.56765397e-117 6.68471205e-114 1.59807269e-132 1.70515873e-119
 6.26869005e-113 5.29370851e-135 1.01205796e-109 7.05518906e-115
 3.16268593e-114 4.37383916e-109 4.55467848e-130 3.67099579e-119
 2.92297102e-126 1.41127475e-113 7.91123773e-120 3.11577768e-125
 1.56663455e-115 7.19151616e-124]","[1.15526050e-086 5.88045765e-093 3.43531867e-107 1.30265891e-101
 8.83329437e-083 1.30265891e-101 2.79180826e-098 3.98124764e-094
 1.96475612e-084 7.74187875e-103 3.98124764e-094 5.30232749e-105
 1.74357044e-099 1.34076199e-095 1.34076199e-095 2.88686263e-085
 1.57171273e-123 3.49368581e-099 1.10963247e-097 3.16384036e-087
 8.53187607e-092 1.87460385e-103 2.79180826e-098 8.69173129e-100
 1.21599162e-090 1.62522975e-116 2.64763111e-095 8.83329437e-083
 1.70247332e-089 2.64763111e-095 1.34076199e-095 2.24489973e-092
 7.81799073e-094 8.62627431e-088 1.01205796e-109 1.70247332e-089
 5.22248187e-095 3.62364483e-121 1.70247332e-089 2.34155676e-088
 1.53350669e-093 3.42673436e-096 9.07714507e-109 5.30232749e-105
 3.49368581e-099 3.42673436e-096 3.22816176e-091 4.37383916e-109
 6.99261346e-099 3.18287512e-102]",2.7578683588448463e-105,3.578703916575319e-84,1.4242290957068488e-104,1.7302604177353684e-83
df2,1.0,1.0,0.0,"[1.65526914e-137 4.37383916e-109 1.36018053e-142 5.81830416e-112
 1.20103174e-134 1.36018053e-142 3.25242831e-154 6.84127225e-125
 1.97454306e-136 8.08221677e-132 1.81440195e-131 2.71351259e-127
 1.36018053e-142 7.61901024e-117 2.59582860e-139 1.01652477e-129
 5.53102464e-128 5.53102464e-128 3.78658116e-137 1.52170582e-145
 4.55467848e-130 1.01652477e-129 3.46283303e-116 2.33052754e-135
 5.34499160e-111 2.71351259e-127 9.14846799e-141 8.65193381e-137
 1.37294733e-138 1.01652477e-129 2.33113443e-110 1.67153521e-121
 6.64504909e-149 7.84645245e-121 1.62932937e-122 1.49462228e-114
 7.48112939e-123 1.81440195e-131 3.63777125e-118 6.68471205e-114
 1.37294733e-138 1.50038437e-124 7.19151616e-124 1.32505188e-126
 5.04562598e-129 2.92297102e-126 1.88166010e-108 1.97454306e-136
 9.11197923e-131 2.33052754e-135]","[7.05518906e-115 1.21599162e-090 1.69558264e-118 5.56898878e-098
 7.36968843e-116 1.12215372e-128 1.41127475e-113 4.39057786e-097
 6.26869005e-113 3.89617725e-108 1.87460385e-103 2.97606811e-113
 3.43101012e-123 2.15264578e-100 1.56663455e-115 6.15879083e-106
 2.21472141e-104 1.88166010e-108 1.21995247e-111 3.66625391e-120
 6.44273589e-102 4.51863753e-104 2.15264578e-100 1.30265891e-101
 1.10963247e-097 7.74187875e-103 3.28672716e-124 8.05827457e-108
 4.37383916e-109 2.10514288e-109 8.81591837e-090 1.66051167e-091
 1.41127475e-113 6.44273589e-102 1.06947759e-100 1.70247332e-089
 2.55501261e-111 6.68471205e-114 5.30232749e-105 1.39799851e-098
 9.07714507e-109 6.99261346e-099 3.81174187e-103 3.18287512e-102
 1.41127475e-113 3.49368581e-099 1.15526050e-086 2.59001339e-105
 2.21472141e-104 3.32649959e-115]",4.6965808128916e-110,2.3159655481931054e-88,2.691554346466975e-109,1.6172891158123028e-87
df3,0.0,-1.0,0.0,"[2.72168499e-134 3.54443794e-122 7.79563234e-118 1.69558264e-118
 5.04562598e-129 5.53102464e-128 3.56765397e-117 1.22580667e-127
 2.03839988e-130 1.12215372e-128 2.11520456e-140 1.41739559e-125
 1.65526914e-137 3.78658116e-137 2.26605441e-129 1.57171273e-123
 3.78658116e-137 4.55467848e-130 6.84127225e-125 1.65526914e-137
 2.72168499e-134 1.69558264e-118 1.02479477e-135 1.20103174e-134
 1.39274712e-133 4.53189266e-158 1.69558264e-118 1.41739559e-125
 4.59306180e-144 2.03839988e-130 1.50038437e-124 2.50543477e-143
 7.22731515e-138 1.50038437e-124 4.88474039e-140 1.81440195e-131
 4.93392456e-150 2.33052754e-135 5.99978104e-127 7.08090934e-107
 4.59306180e-144 2.49277144e-128 2.11520456e-140 1.69558264e-118
 3.62364483e-121 5.99978104e-127 4.55467848e-130 2.03839988e-130
 2.49277144e-128 2.71351259e-127]","[7.36968843e-116 1.88166010e-108 1.08427351e-104 3.49368581e-099
 1.57064610e-102 2.97606811e-113 8.69173129e-100 4.85997494e-110
 1.62522975e-116 1.41127475e-113 7.19151616e-124 6.44273589e-102
 7.05518906e-115 1.62522975e-116 2.59001339e-105 2.15264578e-100
 7.61901024e-117 3.81174187e-103 1.01205796e-109 6.68471205e-114
 1.11687624e-110 4.39057786e-097 3.46283303e-116 1.88166010e-108
 7.79563234e-118 4.06843613e-131 4.51863753e-104 2.55501261e-111
 2.10514288e-109 1.31890515e-112 1.21995247e-111 7.19151616e-124
 7.84645245e-121 1.45786612e-106 7.84645245e-121 1.56663455e-115
 7.84645245e-121 7.84645245e-121 1.70515873e-119 1.72947631e-096
 7.48112939e-123 4.37383916e-109 3.66625391e-120 3.49368581e-099
 4.85997494e-110 1.66475925e-107 1.56663455e-115 1.41127475e-113
 1.88166010e-108 1.88166010e-108]",1.4161818673022482e-108,4.353228722897786e-98,9.913273070397759e-108,2.4856115012231476e-97
df3,0.05,-1.0,0.05,"[3.66625391e-120 3.78658116e-137 1.81440195e-131 2.03839988e-130
 7.84645245e-121 3.14502261e-133 1.70527622e-141 2.06878284e-150
 1.01652477e-129 2.77174564e-112 1.39274712e-133 8.85357293e-148
 4.50098708e-136 3.78658116e-137 6.16042076e-134 3.28672716e-124
 7.61901024e-117 3.81174187e-103 3.11577768e-125 7.05518906e-115
 6.26869005e-113 1.02479477e-135 3.11577768e-125 7.70163359e-122
 9.14846799e-141 4.06843613e-131 3.62364483e-121 2.59001339e-105
 1.22580667e-127 3.66625391e-120 4.93392456e-150 1.49462228e-114
 1.39274712e-133 7.08090934e-107 2.71351259e-127 6.44036529e-126
 5.84114683e-143 5.11181442e-160 1.01652477e-129 1.41739559e-125
 1.69558264e-118 1.12671987e-139 1.32505188e-126 1.32505188e-126
 1.37294733e-138 2.03839988e-130 1.31890515e-112 9.14846799e-141
 3.28672716e-124 3.62364483e-121]","[3.89617725e-108 3.43101012e-123 4.32796803e-100 2.97606811e-113
 1.45786612e-106 3.89617725e-108 7.48112939e-123 3.95211198e-141
 4.85997494e-110 1.21792979e-088 1.66865694e-117 4.55467848e-130
 4.85997494e-110 7.36968843e-116 3.67099579e-119 2.77174564e-112
 2.63087943e-101 8.62627431e-088 1.66865694e-117 4.85997494e-110
 1.53350669e-093 3.56765397e-117 3.81174187e-103 3.43531867e-107
 1.49462228e-114 1.49462228e-114 2.15264578e-100 1.72947631e-096
 4.51863753e-104 1.66475925e-107 5.99978104e-127 1.39799851e-098
 1.66865694e-117 1.14959907e-092 5.30739252e-101 8.71890126e-097
 3.62364483e-121 1.22580667e-127 9.20882547e-104 2.55501261e-111
 1.30265891e-101 7.84645245e-121 1.11687624e-110 1.74357044e-099
 3.66625391e-120 9.07714507e-109 5.56898878e-098 3.46283303e-116
 2.21472141e-104 7.74187875e-103]",7.676700194898562e-105,1.9688668833484383e-89,5.335801487321122e-104,1.2162051059975989e-88
df3,0.1,-1.0,0.1,"[5.97340427e-139 1.07337441e-143 1.26370308e-105 7.36968843e-116
 7.84645245e-121 1.62932937e-122 1.02479477e-135 3.46283303e-116
 3.14502261e-133 1.36018053e-142 6.44036529e-126 1.62522975e-116
 1.31890515e-112 6.84127225e-125 1.16697210e-146 7.89408622e-119
 1.22580667e-127 1.49462228e-114 1.17530003e-149 1.59807269e-132
 1.57171273e-123 5.04562598e-129 1.41739559e-125 1.70515873e-119
 4.50098708e-136 1.57171273e-123 7.84645245e-121 1.67153521e-121
 1.62522975e-116 1.02479477e-135 1.56663455e-115 2.97606811e-113
 1.67153521e-121 1.12215372e-128 7.70163359e-122 9.07714507e-109
 1.57171273e-123 3.59598810e-132 1.67153521e-121 4.85997494e-110
 3.46283303e-116 7.91123773e-120 2.72168499e-134 9.11197923e-131
 7.48112939e-123 7.22731515e-138 5.53102464e-128 4.06843613e-131
 6.84127225e-125 1.89275526e-153]","[7.70163359e-122 2.03839988e-130 7.81799073e-094 2.15264578e-100
 7.08090934e-107 6.15879083e-106 1.67153521e-121 7.74187875e-103
 8.05827457e-108 7.84645245e-121 8.69173129e-100 8.05827457e-108
 4.37887891e-092 2.79180826e-098 2.97606811e-113 6.26869005e-113
 3.43531867e-107 2.34155676e-088 2.71351259e-127 1.56663455e-115
 6.26869005e-113 5.30232749e-105 1.45786612e-106 4.37887891e-092
 3.67099579e-119 6.15879083e-106 2.59001339e-105 6.44273589e-102
 1.26370308e-105 3.46283303e-116 1.08427351e-104 9.20882547e-104
 8.05827457e-108 7.08090934e-107 1.74357044e-099 6.78202527e-096
 1.08427351e-104 4.37383916e-109 9.20882547e-104 2.02515198e-094
 1.39799851e-098 4.51863753e-104 2.59001339e-105 6.26869005e-113
 7.08090934e-107 1.69558264e-118 7.08090934e-107 7.91123773e-120
 2.59001339e-105 1.22580667e-127]",2.5293191071420263e-107,4.684884892715861e-90,1.7691574347461522e-106,3.278154269605133e-89
df3,0.15000000000000002,-1.0,0.15000000000000002,"[1.81440195e-131 1.41739559e-125 7.89408622e-119 3.43101012e-123
 4.55467848e-130 1.70515873e-119 7.91123773e-120 5.97340427e-139
 3.63777125e-118 1.57171273e-123 2.33052754e-135 3.15189803e-138
 1.59807269e-132 2.26605441e-129 6.16042076e-134 2.11520456e-140
 2.71351259e-127 7.91123773e-120 5.53102464e-128 1.20103174e-134
 3.62364483e-121 1.32505188e-126 3.67099579e-119 4.85997494e-110
 6.84127225e-125 4.06843613e-131 1.56663455e-115 5.99978104e-127
 3.66625391e-120 2.26605441e-129 3.62364483e-121 7.70163359e-122
 1.41127475e-113 9.11197923e-131 1.22580667e-127 1.62522975e-116
 3.32649959e-115 3.62364483e-121 1.31890515e-112 1.07337441e-143
 7.61901024e-117 1.70515873e-119 8.08221677e-132 1.07337441e-143
 3.25242831e-154 1.41739559e-125 3.43101012e-123 4.06843613e-131
 3.59598810e-132 5.97340427e-139]","[1.34076199e-095 9.20882547e-104 3.00462961e-093 2.21472141e-104
 1.01205796e-109 2.10514288e-109 3.89617725e-108 9.20882547e-104
 4.39057786e-097 5.81830416e-112 7.61901024e-117 1.21995247e-111
 7.79563234e-118 5.34499160e-111 1.57064610e-102 1.41739559e-125
 2.15264578e-100 1.45786612e-106 4.37383916e-109 7.36968843e-116
 1.57064610e-102 9.07714507e-109 3.18287512e-102 4.39057786e-097
 3.18287512e-102 1.21995247e-111 1.74357044e-099 6.68471205e-114
 1.53350669e-093 1.11687624e-110 1.08427351e-104 1.01205796e-109
 1.87460385e-103 7.61901024e-117 1.66475925e-107 6.44273589e-102
 4.39057786e-097 1.30265891e-101 1.74357044e-099 3.62364483e-121
 3.81174187e-103 5.30232749e-105 1.56663455e-115 1.62932937e-122
 1.12215372e-128 3.56765397e-117 8.05827457e-108 7.05518906e-115
 3.46283303e-116 1.69558264e-118]",9.749253274881173e-112,9.105729656556425e-95,6.803571511701544e-111,4.682958604884997e-94
df3,0.2,-1.0,0.2,"[1.22580667e-127 2.33052754e-135 1.69558264e-118 1.37294733e-138
 8.65193381e-137 1.01205796e-109 1.69706671e-120 1.62522975e-116
 4.94613442e-147 7.91123773e-120 6.16042076e-134 1.69558264e-118
 1.97454306e-136 1.66865694e-117 1.66865694e-117 7.48112939e-123
 1.32505188e-126 8.08221677e-132 3.43101012e-123 1.57171273e-123
 1.56663455e-115 1.39274712e-133 3.46283303e-116 3.56765397e-117
 3.32649959e-115 8.05827457e-108 9.11197923e-131 3.62364483e-121
 6.15879083e-106 7.61901024e-117 3.14502261e-133 1.12215372e-128
 7.05518906e-115 5.04562598e-129 3.43101012e-123 9.14846799e-141
 5.29370851e-135 2.92297102e-126 1.20103174e-134 1.12215372e-128
 1.41739559e-125 2.72168499e-134 1.57171273e-123 5.84114683e-143
 1.70527622e-141 3.54443794e-122 1.22580667e-127 3.62364483e-121
 1.67153521e-121 1.62932937e-122]","[3.46283303e-116 1.56663455e-115 1.39799851e-098 1.67153521e-121
 1.66865694e-117 6.44273589e-102 6.15879083e-106 2.63087943e-101
 3.56765397e-117 1.74357044e-099 8.05827457e-108 5.30739252e-101
 1.49462228e-114 1.57064610e-102 6.99261346e-099 3.66625391e-120
 6.26869005e-113 5.34499160e-111 6.15879083e-106 2.99814789e-106
 4.51863753e-104 3.56765397e-117 1.01205796e-109 3.98124764e-094
 2.21472141e-104 1.87460385e-103 1.21995247e-111 1.08427351e-104
 2.35609537e-090 8.69173129e-100 2.21472141e-104 1.31890515e-112
 2.20848376e-097 3.16268593e-114 6.68471205e-114 6.68471205e-114
 7.61901024e-117 5.81830416e-112 7.36968843e-116 7.61901024e-117
 2.33113443e-110 7.36968843e-116 2.33113443e-110 3.62364483e-121
 2.77174564e-112 1.49462228e-114 1.56663455e-115 5.30232749e-105
 2.99814789e-106 7.74187875e-103]",1.2480771286254593e-107,4.7129874730393214e-92,8.620713519488713e-107,3.2985221792187477e-91
df3,0.25,-1.0,0.25,"[3.62364483e-121 5.84114683e-143 3.15189803e-138 5.99978104e-127
 4.55467848e-130 9.11197923e-131 7.79563234e-118 2.71351259e-127
 7.70163359e-122 2.92297102e-126 8.65193381e-137 3.43101012e-123
 6.44036529e-126 6.68471205e-114 1.97454306e-136 3.62364483e-121
 5.99978104e-127 1.12215372e-128 2.33052754e-135 1.69706671e-120
 7.09357420e-133 1.17530003e-149 2.33052754e-135 1.97454306e-136
 1.50038437e-124 1.67153521e-121 2.71351259e-127 2.97606811e-113
 3.28672716e-124 4.55467848e-130 3.32649959e-115 3.59598810e-132
 2.09388117e-147 3.54443794e-122 7.48112939e-123 4.93392456e-150
 3.66625391e-120 3.59598810e-132 1.66865694e-117 7.22731515e-138
 1.01652477e-129 1.32505188e-126 1.59807269e-132 1.12215372e-128
 2.49277144e-128 7.89408622e-119 3.11577768e-125 1.20103174e-134
 3.78658116e-137 6.44036529e-126]","[9.20882547e-104 1.41739559e-125 3.63777125e-118 2.77174564e-112
 9.07714507e-109 1.70515873e-119 2.63087943e-101 3.63777125e-118
 3.67099579e-119 7.08090934e-107 1.69558264e-118 2.77174564e-112
 6.15879083e-106 2.24489973e-092 3.56765397e-117 1.08427351e-104
 1.01205796e-109 7.89408622e-119 1.11687624e-110 1.74357044e-099
 3.63777125e-118 1.41739559e-125 1.81440195e-131 1.56663455e-115
 1.70515873e-119 5.34499160e-111 2.99814789e-106 1.26370308e-105
 5.34499160e-111 1.45786612e-106 3.49368581e-099 5.34499160e-111
 6.84127225e-125 5.30739252e-101 2.33113443e-110 3.78658116e-137
 6.15879083e-106 5.81830416e-112 3.81174187e-103 4.85997494e-110
 6.26869005e-113 2.77174564e-112 7.05518906e-115 1.45786612e-106
 1.57064610e-102 1.26370308e-105 1.88166010e-108 3.62364483e-121
 5.99978104e-127 1.74357044e-099]",7.356115334096765e-115,4.4898008801563973e-94,4.250736309829041e-114,3.1428596072140215e-93
df3,0.30000000000000004,-1.0,0.30000000000000004,"[2.03839988e-130 1.12215372e-128 1.41739559e-125 1.02479477e-135
 3.16268593e-114 7.61901024e-117 1.12215372e-128 2.49277144e-128
 3.11577768e-125 2.33052754e-135 4.06843613e-131 1.66865694e-117
 8.08221677e-132 7.70163359e-122 7.84645245e-121 2.71351259e-127
 1.32505188e-126 2.97606811e-113 7.79563234e-118 5.84114683e-143
 4.06843613e-131 6.44036529e-126 5.99978104e-127 2.92297102e-126
 2.49277144e-128 1.32505188e-126 6.44036529e-126 2.55501261e-111
 7.89408622e-119 2.49277144e-128 4.93392456e-150 1.66865694e-117
 5.99978104e-127 6.15879083e-106 7.05518906e-115 1.62522975e-116
 3.28672716e-124 1.67153521e-121 2.55501261e-111 7.48112939e-123
 4.55467848e-130 6.44036529e-126 4.55467848e-130 1.96307101e-144
 6.58533558e-157 5.99978104e-127 1.70515873e-119 3.32649959e-115
 3.32649959e-115 2.92297102e-126]","[7.89408622e-119 8.05827457e-108 2.21472141e-104 1.62932937e-122
 6.15879083e-106 1.06947759e-100 1.49462228e-114 1.66865694e-117
 1.01205796e-109 1.70515873e-119 3.46283303e-116 1.87460385e-103
 3.11577768e-125 1.06947759e-100 5.30739252e-101 1.01205796e-109
 1.70515873e-119 1.10963247e-097 4.85997494e-110 2.92297102e-126
 5.34499160e-111 1.11687624e-110 2.97606811e-113 3.89617725e-108
 4.37383916e-109 2.10514288e-109 7.05518906e-115 1.88166010e-108
 3.43531867e-107 7.61901024e-117 2.26605441e-129 6.15879083e-106
 2.63087943e-101 3.28405359e-089 1.72947631e-096 2.33113443e-110
 3.89617725e-108 3.32649959e-115 3.81174187e-103 4.37383916e-109
 5.81830416e-112 6.44273589e-102 1.11687624e-110 2.26605441e-129
 4.88474039e-140 9.07714507e-109 4.51863753e-104 1.26370308e-105
 2.21472141e-104 1.56663455e-115]",1.2317684540647504e-107,6.56810754050327e-91,8.622305687920056e-107,4.5976750153894455e-90
df3,0.35000000000000003,-1.0,0.35000000000000003,"[8.38015691e-145 7.19151616e-124 1.62932937e-122 1.50038437e-124
 7.84645245e-121 8.38015691e-145 1.32505188e-126 1.66865694e-117
 5.81830416e-112 8.08221677e-132 3.46283303e-116 1.57171273e-123
 1.01652477e-129 7.91123773e-120 2.75002067e-146 8.08221677e-132
 7.89408622e-119 4.94613442e-147 1.26370308e-105 5.04562598e-129
 1.59807269e-132 3.46283303e-116 1.51408902e-151 5.29370851e-135
 1.62522975e-116 3.43101012e-123 2.77174564e-112 7.22731515e-138
 1.59807269e-132 3.46283303e-116 5.29370851e-135 1.57171273e-123
 2.10514288e-109 1.41739559e-125 1.69558264e-118 1.32505188e-126
 3.28672716e-124 6.84127225e-125 4.59306180e-144 7.70163359e-122
 5.04562598e-129 7.79563234e-118 1.67153521e-121 2.03839988e-130
 2.03839988e-130 2.49277144e-128 1.37294733e-138 2.59582860e-139
 7.70163359e-122 5.97340427e-139]","[5.04562598e-129 1.62522975e-116 2.79180826e-098 5.34499160e-111
 1.87460385e-103 7.19151616e-124 7.79563234e-118 2.10514288e-109
 5.30232749e-105 2.33113443e-110 7.74187875e-103 1.21995247e-111
 7.89408622e-119 9.20882547e-104 3.46283303e-116 2.97606811e-113
 2.10514288e-109 1.59807269e-132 4.37887891e-092 1.21995247e-111
 1.01205796e-109 7.74187875e-103 1.97454306e-136 3.32649959e-115
 2.15264578e-100 6.26869005e-113 2.15264578e-100 3.46283303e-116
 1.21995247e-111 8.05827457e-108 3.16268593e-114 6.15879083e-106
 1.87460385e-103 5.30739252e-101 3.16268593e-114 1.11687624e-110
 1.67153521e-121 7.79563234e-118 5.99978104e-127 2.15264578e-100
 1.41127475e-113 3.89617725e-108 5.81830416e-112 1.56663455e-115
 1.21995247e-111 1.01205796e-109 3.66625391e-120 1.69558264e-118
 1.74357044e-099 1.50038437e-124]",2.527828898504841e-107,8.757763883772109e-94,1.7691782914653247e-106,6.130430381135721e-93
df3,0.4,-1.0,0.4,"[1.01205796e-109 1.49462228e-114 1.62522975e-116 2.09388117e-147
 5.81830416e-112 8.08221677e-132 1.12215372e-128 7.09357420e-133
 5.81830416e-112 1.57171273e-123 6.15879083e-106 3.57314355e-145
 5.30739252e-101 1.20103174e-134 3.59598810e-132 5.99978104e-127
 7.36968843e-116 3.46283303e-116 7.48112939e-123 1.88166010e-108
 5.30739252e-101 2.33052754e-135 7.48112939e-123 7.84645245e-121
 6.84127225e-125 5.97340427e-139 1.01652477e-129 5.97340427e-139
 1.69706671e-120 3.62364483e-121 1.67153521e-121 7.48112939e-123
 9.20882547e-104 3.46283303e-116 2.92297102e-126 3.56765397e-117
 1.06947759e-100 1.50038437e-124 1.57171273e-123 2.92297102e-126
 2.71351259e-127 3.16268593e-114 5.04562598e-129 9.11197923e-131
 5.04562598e-129 4.85997494e-110 1.88166010e-108 7.79563234e-118
 1.39274712e-133 2.55501261e-111]","[3.18287512e-102 6.15879083e-106 4.37383916e-109 4.55467848e-130
 1.14959907e-092 3.56765397e-117 1.70515873e-119 1.21995247e-111
 2.15264578e-100 4.85997494e-110 8.71890126e-097 5.53102464e-128
 3.16384036e-087 3.16268593e-114 3.63777125e-118 2.77174564e-112
 6.15879083e-106 8.05827457e-108 3.63777125e-118 4.32796803e-100
 6.26880529e-091 7.91123773e-120 2.59001339e-105 1.45786612e-106
 1.45786612e-106 5.53102464e-128 3.46283303e-116 6.44036529e-126
 2.33113443e-110 3.67099579e-119 2.99814789e-106 4.85997494e-110
 1.06947759e-100 2.59001339e-105 7.79563234e-118 1.57064610e-102
 1.21599162e-090 9.07714507e-109 7.61901024e-117 3.56765397e-117
 3.32649959e-115 6.99261346e-099 7.89408622e-119 3.56765397e-117
 1.49462228e-114 2.79180826e-098 1.14959907e-092 6.15879083e-106
 7.84645245e-121 3.18287512e-102]",4.263766343225892e-102,6.33141245934838e-89,1.797917099410274e-101,4.429323606627695e-88
df3,0.45,-1.0,0.45,"[1.39274712e-133 3.62364483e-121 3.66625391e-120 1.50038437e-124
 5.99978104e-127 3.62364483e-121 1.50038437e-124 1.02479477e-135
 4.93392456e-150 7.79563234e-118 1.20103174e-134 5.29370851e-135
 1.62932937e-122 9.11197923e-131 6.68471205e-114 4.51863753e-104
 1.69706671e-120 3.63777125e-118 7.70163359e-122 1.50038437e-124
 1.62522975e-116 3.11577768e-125 1.69558264e-118 3.11577768e-125
 1.12215372e-128 1.37294733e-138 3.59598810e-132 7.91123773e-120
 1.62522975e-116 4.06843613e-131 1.67153521e-121 4.37383916e-109
 1.69706671e-120 3.49368581e-099 1.01652477e-129 1.41127475e-113
 1.67153521e-121 5.53102464e-128 7.19151616e-124 4.55467848e-130
 1.01205796e-109 2.03839988e-130 9.07714507e-109 1.45786612e-106
 1.69706671e-120 1.31890515e-112 3.16268593e-114 1.37294733e-138
 7.89408622e-119 3.28672716e-124]","[4.51863753e-104 8.05827457e-108 2.10514288e-109 9.07714507e-109
 7.89408622e-119 2.10514288e-109 6.68471205e-114 5.53102464e-128
 7.34927700e-142 7.08090934e-107 3.43101012e-123 3.62364483e-121
 6.68471205e-114 7.91123773e-120 7.74187875e-103 7.74187875e-103
 1.41127475e-113 3.81174187e-103 7.36968843e-116 7.79563234e-118
 4.37383916e-109 5.34499160e-111 7.05518906e-115 5.34499160e-111
 1.69706671e-120 1.57171273e-123 7.84645245e-121 1.74357044e-099
 4.51863753e-104 3.67099579e-119 9.20882547e-104 2.15264578e-100
 5.81830416e-112 6.26880529e-091 3.63777125e-118 4.51863753e-104
 1.31890515e-112 4.85997494e-110 2.97606811e-113 3.32649959e-115
 2.15264578e-100 7.48112939e-123 2.79180826e-098 4.51863753e-104
 1.11687624e-110 1.87460385e-103 5.34499160e-111 9.11197923e-131
 4.51863753e-104 1.41127475e-113]",6.987462292953645e-101,1.2537611188216238e-92,4.891158843178691e-100,8.77632740182827e-92
df3,0.5,-1.0,0.5,"[6.44036529e-126 5.34499160e-111 3.66625391e-120 1.65526914e-137
 5.04562598e-129 1.26370308e-105 2.92297102e-126 1.81440195e-131
 3.16268593e-114 1.65526914e-137 3.63777125e-118 3.15189803e-138
 1.39274712e-133 5.04562598e-129 7.89408622e-119 3.46283303e-116
 1.56663455e-115 3.14502261e-133 6.84127225e-125 3.63777125e-118
 3.67099579e-119 1.69558264e-118 2.72168499e-134 1.31890515e-112
 2.92297102e-126 3.67099579e-119 7.70163359e-122 4.50098708e-136
 3.63777125e-118 1.88166010e-108 2.33052754e-135 1.50038437e-124
 1.49462228e-114 2.99814789e-106 4.50098708e-136 1.67153521e-121
 4.37383916e-109 2.26605441e-129 1.88166010e-108 6.16042076e-134
 1.32505188e-126 1.01652477e-129 9.11197923e-131 1.32505188e-126
 1.65526914e-137 1.67153521e-121 3.59598810e-132 1.39274712e-133
 5.81830416e-112 2.77174564e-112]","[1.45786612e-106 1.34076199e-095 2.10514288e-109 5.53102464e-128
 1.70515873e-119 1.57064610e-102 6.68471205e-114 7.84645245e-121
 1.74357044e-099 1.62522975e-116 9.07714507e-109 7.79563234e-118
 1.50038437e-124 3.67099579e-119 8.05827457e-108 3.18287512e-102
 1.21995247e-111 3.11577768e-125 6.68471205e-114 6.84127225e-125
 7.89408622e-119 1.06947759e-100 7.84645245e-121 4.37383916e-109
 1.70515873e-119 7.84645245e-121 3.56765397e-117 9.11197923e-131
 3.16268593e-114 2.10514288e-109 1.01652477e-129 3.66625391e-120
 2.10514288e-109 3.18287512e-102 6.26869005e-113 2.77174564e-112
 1.30265891e-101 9.11197923e-131 9.07714507e-109 1.57171273e-123
 7.36968843e-116 3.62364483e-121 1.67153521e-121 1.69558264e-118
 3.46283303e-116 7.84645245e-121 7.19151616e-124 3.54443794e-122
 1.21995247e-111 4.37383916e-109]",3.135449820220281e-107,2.6818982756666046e-97,1.8097991140343946e-106,1.8770614543662546e-96
df3,0.55,-1.0,0.55,"[1.62522975e-116 2.26605441e-129 3.67099579e-119 1.21995247e-111
 3.66625391e-120 9.07714507e-109 1.59807269e-132 7.48112939e-123
 7.05518906e-115 1.22580667e-127 2.33052754e-135 3.67099579e-119
 3.43101012e-123 7.89408622e-119 4.55467848e-130 6.26869005e-113
 3.59598810e-132 3.57314355e-145 2.55501261e-111 1.41127475e-113
 1.62522975e-116 1.41739559e-125 2.26605441e-129 8.65193381e-137
 3.16268593e-114 4.55467848e-130 6.16042076e-134 1.01652477e-129
 5.53102464e-128 7.91123773e-120 2.59582860e-139 1.39274712e-133
 3.66625391e-120 4.88474039e-140 1.39274712e-133 3.54443794e-122
 3.14502261e-133 7.61901024e-117 3.54443794e-122 1.41739559e-125
 2.55501261e-111 2.26605441e-129 1.41739559e-125 1.45786612e-106
 1.65526914e-137 2.33052754e-135 1.41127475e-113 2.92297102e-126
 3.67099579e-119 3.63777125e-118]","[1.88166010e-108 5.99978104e-127 3.28672716e-124 4.51863753e-104
 4.37383916e-109 2.99814789e-106 1.01652477e-129 5.34499160e-111
 7.61901024e-117 1.31890515e-112 3.14502261e-133 1.11687624e-110
 2.33052754e-135 3.28672716e-124 7.89408622e-119 1.62522975e-116
 1.62522975e-116 2.71351259e-127 3.43531867e-107 1.66475925e-107
 4.37383916e-109 6.26869005e-113 6.15879083e-106 6.44036529e-126
 9.07714507e-109 2.55501261e-111 3.11577768e-125 3.66625391e-120
 1.41739559e-125 1.49462228e-114 2.92297102e-126 5.99978104e-127
 1.56663455e-115 1.02479477e-135 2.92297102e-126 1.57171273e-123
 2.71351259e-127 1.74357044e-099 6.26869005e-113 1.01205796e-109
 2.99814789e-106 1.49462228e-114 3.43101012e-123 2.20848376e-097
 3.59598810e-132 1.22580667e-127 5.30232749e-105 2.26605441e-129
 1.49462228e-114 2.10514288e-109]",2.934015024928655e-108,4.451839954306472e-99,2.040790923787096e-107,3.091475410134023e-98
df3,0.6000000000000001,-1.0,0.6000000000000001,"[6.44036529e-126 7.48112939e-123 7.05518906e-115 7.89408622e-119
 3.28672716e-124 7.70163359e-122 7.89408622e-119 2.97606811e-113
 1.65526914e-137 7.08090934e-107 2.33113443e-110 3.56765397e-117
 3.46283303e-116 5.81830416e-112 3.28672716e-124 3.46283303e-116
 2.97606811e-113 1.41739559e-125 1.67153521e-121 1.50038437e-124
 3.43101012e-123 5.99978104e-127 2.33113443e-110 9.55305708e-165
 1.41127475e-113 7.05518906e-115 3.14502261e-133 1.32505188e-126
 1.52170582e-145 6.44036529e-126 3.66625391e-120 1.70515873e-119
 1.31890515e-112 1.56663455e-115 7.61901024e-117 1.70527622e-141
 3.54443794e-122 1.32505188e-126 1.62932937e-122 2.97606811e-113
 1.81440195e-131 5.84114683e-143 1.56663455e-115 3.46283303e-116
 2.71351259e-127 5.81830416e-112 1.07337441e-143 2.49277144e-128
 7.09357420e-133 7.48112939e-123]","[6.44036529e-126 1.57171273e-123 1.56663455e-115 7.19151616e-124
 7.36968843e-116 2.77174564e-112 1.49462228e-114 1.49462228e-114
 3.11577768e-125 1.66475925e-107 1.11687624e-110 5.81830416e-112
 1.01205796e-109 2.55501261e-111 4.55467848e-130 4.37383916e-109
 1.08427351e-104 3.43101012e-123 1.32505188e-126 8.05827457e-108
 7.84645245e-121 2.92297102e-126 7.36968843e-116 3.62405363e-151
 3.66625391e-120 2.97606811e-113 3.62364483e-121 5.34499160e-111
 5.97340427e-139 3.66625391e-120 7.05518906e-115 4.85997494e-110
 1.41127475e-113 3.11577768e-125 3.89617725e-108 3.14502261e-133
 3.28672716e-124 7.91123773e-120 1.66865694e-117 2.97606811e-113
 2.92297102e-126 7.22731515e-138 6.26869005e-113 3.63777125e-118
 1.22580667e-127 1.49462228e-114 1.59807269e-132 2.26605441e-129
 1.57171273e-123 3.16268593e-114]",1.4171423366884357e-108,2.1743888894764862e-106,9.913136910070968e-108,1.5179017048223229e-105
df3,0.65,-1.0,0.65,"[3.78658116e-137 2.97606811e-113 3.28672716e-124 1.66865694e-117
 1.81440195e-131 6.84127225e-125 3.59598810e-132 7.84645245e-121
 1.01652477e-129 1.50038437e-124 1.57171273e-123 3.62364483e-121
 1.69706671e-120 3.59598810e-132 3.43101012e-123 3.54443794e-122
 5.99978104e-127 7.70163359e-122 3.46283303e-116 3.16357866e-142
 9.11197923e-131 1.50038437e-124 7.48112939e-123 1.56663455e-115
 1.01652477e-129 1.56663455e-115 7.91123773e-120 1.50038437e-124
 1.20103174e-134 3.59598810e-132 2.55501261e-111 1.45786612e-106
 1.37294733e-138 7.89408622e-119 7.84645245e-121 3.95211198e-141
 1.81440195e-131 6.84127225e-125 4.51863753e-104 3.67099579e-119
 4.55467848e-130 1.88166010e-108 2.33052754e-135 3.32649959e-115
 2.10514288e-109 8.69173129e-100 3.59598810e-132 1.62932937e-122
 3.67099579e-119 1.67153521e-121]","[2.72168499e-134 2.49277144e-128 2.77174564e-112 5.81830416e-112
 1.12671987e-139 3.67099579e-119 7.84645245e-121 1.22580667e-127
 1.50038437e-124 7.89408622e-119 1.32505188e-126 8.05827457e-108
 3.62364483e-121 3.11577768e-125 1.66865694e-117 7.61901024e-117
 3.28672716e-124 1.62522975e-116 3.43101012e-123 1.02479477e-135
 5.34499160e-111 1.62522975e-116 1.62932937e-122 3.63777125e-118
 6.84127225e-125 7.74187875e-103 2.26605441e-129 5.99978104e-127
 6.16042076e-134 1.32505188e-126 2.77174564e-112 9.07714507e-109
 7.22731515e-138 1.11687624e-110 1.62932937e-122 2.11520456e-140
 1.32505188e-126 3.63777125e-118 1.26370308e-105 7.79563234e-118
 3.11577768e-125 3.16268593e-114 3.59598810e-132 3.43531867e-107
 2.99814789e-106 7.74187875e-103 1.70515873e-119 7.89408622e-119
 3.63777125e-118 1.57171273e-123]",1.7384369268149177e-101,3.099965208694273e-104,1.2168410871900684e-100,1.517027684428574e-103
df3,0.7000000000000001,-1.0,0.7000000000000001,"[7.70163359e-122 3.43101012e-123 3.95211198e-141 3.56765397e-117
 1.57171273e-123 1.57171273e-123 3.78658116e-137 1.12215372e-128
 7.84645245e-121 1.12671987e-139 2.92297102e-126 1.39274712e-133
 3.11577768e-125 1.70515873e-119 7.84645245e-121 2.92297102e-126
 3.28672716e-124 2.59582860e-139 7.09357420e-133 2.72168499e-134
 2.33113443e-110 2.55501261e-111 1.41739559e-125 7.84645245e-121
 4.55467848e-130 1.69706671e-120 5.99978104e-127 1.11687624e-110
 4.37383916e-109 1.69706671e-120 5.29370851e-135 2.77174564e-112
 7.19151616e-124 1.81440195e-131 1.70515873e-119 1.50038437e-124
 3.46283303e-116 1.66865694e-117 1.97454306e-136 7.36968843e-116
 3.66625391e-120 1.20103174e-134 3.66625391e-120 1.66865694e-117
 1.81440195e-131 4.32796803e-100 3.32649959e-115 1.41127475e-113
 2.11520456e-140 7.22731515e-138]","[3.28672716e-124 6.84127225e-125 5.84114683e-143 6.68471205e-114
 1.70515873e-119 1.70515873e-119 4.88474039e-140 1.12671987e-139
 1.22580667e-127 1.81440195e-131 3.66625391e-120 3.11577768e-125
 5.04562598e-129 1.67153521e-121 1.69706671e-120 8.08221677e-132
 6.68471205e-114 1.02479477e-135 1.81440195e-131 8.65193381e-137
 6.68471205e-114 1.41127475e-113 9.11197923e-131 3.43101012e-123
 2.03839988e-130 5.04562598e-129 7.70163359e-122 2.55501261e-111
 1.11687624e-110 5.04562598e-129 1.39274712e-133 5.34499160e-111
 7.48112939e-123 1.22580667e-127 1.50038437e-124 2.03839988e-130
 1.88166010e-108 1.31890515e-112 7.70163359e-122 3.32649959e-115
 6.44036529e-126 1.12671987e-139 6.68471205e-114 1.88166010e-108
 4.50098708e-136 2.10514288e-109 1.56663455e-115 3.63777125e-118
 1.41739559e-125 6.84127225e-125]",8.655936076663717e-102,7.986152980987465e-110,6.059155246883022e-101,3.6896808547776347e-109
df3,0.75,-1.0,0.75,"[2.11520456e-140 2.49277144e-128 4.37383916e-109 2.26605441e-129
 3.54443794e-122 1.21995247e-111 7.70163359e-122 2.71351259e-127
 8.08221677e-132 1.32505188e-126 6.84127225e-125 1.41739559e-125
 2.49277144e-128 3.66625391e-120 3.62364483e-121 6.84127225e-125
 3.43101012e-123 7.61901024e-117 1.87460385e-103 1.12671987e-139
 7.22731515e-138 3.43101012e-123 1.26370308e-105 3.14502261e-133
 3.28672716e-124 7.22731515e-138 1.66865694e-117 1.67153521e-121
 9.11197923e-131 4.55467848e-130 2.03839988e-130 4.06843613e-131
 3.66625391e-120 7.48112939e-123 7.84645245e-121 5.29370851e-135
 3.15189803e-138 5.34499160e-111 7.48112939e-123 2.11520456e-140
 5.53102464e-128 5.81830416e-112 5.29370851e-135 5.56898878e-098
 3.14502261e-133 3.16268593e-114 3.54443794e-122 1.81440195e-131
 7.09357420e-133 8.65193381e-137]","[3.78658116e-137 3.15189803e-138 4.85997494e-110 2.33052754e-135
 8.08221677e-132 2.77174564e-112 7.84645245e-121 1.20103174e-134
 1.01652477e-129 1.20103174e-134 1.65526914e-137 3.43101012e-123
 2.72168499e-134 1.70515873e-119 6.84127225e-125 3.43101012e-123
 1.41739559e-125 9.11197923e-131 7.89408622e-119 4.88474039e-140
 3.16357866e-142 3.54443794e-122 3.56765397e-117 5.97340427e-139
 2.50543477e-143 5.29370851e-135 7.84645245e-121 1.57171273e-123
 1.07337441e-143 3.11577768e-125 3.14502261e-133 4.50098708e-136
 1.81440195e-131 3.54443794e-122 1.57171273e-123 9.14846799e-141
 5.29370851e-135 3.66625391e-120 2.71351259e-127 3.78658116e-137
 1.67153521e-121 1.67153521e-121 3.15189803e-138 7.70163359e-122
 2.09388117e-147 6.26869005e-113 8.08221677e-132 3.59598810e-132
 1.12215372e-128 1.12215372e-128]",1.1138015303354513e-99,9.787922905233969e-112,7.796583751744797e-99,6.80310911131715e-111
df3,0.8,-1.0,0.8,"[2.71351259e-127 3.62364483e-121 2.72168499e-134 5.99978104e-127
 2.55501261e-111 1.67153521e-121 7.36968843e-116 1.87460385e-103
 1.67153521e-121 7.70163359e-122 5.53102464e-128 1.69558264e-118
 1.62932937e-122 6.84127225e-125 1.81440195e-131 1.20103174e-134
 3.49368581e-099 3.11577768e-125 3.67099579e-119 4.85997494e-110
 7.05518906e-115 2.49277144e-128 1.69558264e-118 1.41127475e-113
 1.69558264e-118 1.59807269e-132 3.67099579e-119 1.39274712e-133
 2.10514288e-109 4.55467848e-130 4.06843613e-131 5.29370851e-135
 1.32505188e-126 6.15879083e-106 2.71351259e-127 3.28672716e-124
 2.55501261e-111 3.43101012e-123 7.19151616e-124 1.52170582e-145
 7.89408622e-119 7.91123773e-120 7.05518906e-115 7.79563234e-118
 6.99261346e-099 7.48112939e-123 7.89408622e-119 3.67099579e-119
 2.77174564e-112 6.84127225e-125]","[9.11197923e-131 7.19151616e-124 2.50543477e-143 2.26605441e-129
 1.62522975e-116 1.50038437e-124 5.53102464e-128 5.30739252e-101
 1.01652477e-129 1.12215372e-128 8.08221677e-132 3.32649959e-115
 3.28672716e-124 3.59598810e-132 3.14502261e-133 8.65193381e-137
 1.21995247e-111 2.72168499e-134 1.62932937e-122 1.21995247e-111
 5.53102464e-128 1.37294733e-138 6.44036529e-126 1.66865694e-117
 1.67153521e-121 3.15189803e-138 7.70163359e-122 1.01652477e-129
 1.69558264e-118 7.34927700e-142 3.59598810e-132 9.14846799e-141
 1.50038437e-124 5.34499160e-111 1.12671987e-139 3.15189803e-138
 3.67099579e-119 2.71351259e-127 2.49277144e-128 5.97340427e-139
 2.03839988e-130 2.49277144e-128 3.63777125e-118 7.48112939e-123
 5.81830416e-112 4.06843613e-131 1.32505188e-126 7.09357420e-133
 7.05518906e-115 5.53102464e-128]",2.0972974708625682e-100,1.0614785035076838e-102,1.0853861554604404e-99,7.430349523358387e-102
df3,0.8500000000000001,-1.0,0.8500000000000001,"[7.84645245e-121 3.43531867e-107 1.57171273e-123 7.70163359e-122
 3.59598810e-132 3.56765397e-117 1.70515873e-119 3.66625391e-120
 3.54443794e-122 5.30232749e-105 4.51863753e-104 4.55467848e-130
 3.66625391e-120 1.70515873e-119 1.41127475e-113 2.71351259e-127
 3.11577768e-125 3.46283303e-116 1.56663455e-115 3.56765397e-117
 3.66625391e-120 6.68471205e-114 7.48112939e-123 1.21995247e-111
 1.31890515e-112 7.79563234e-118 7.91123773e-120 1.32505188e-126
 1.69706671e-120 1.01652477e-129 4.37383916e-109 4.85997494e-110
 1.66475925e-107 1.22580667e-127 1.66865694e-117 1.70527622e-141
 1.62932937e-122 1.41127475e-113 3.63777125e-118 7.84645245e-121
 3.16268593e-114 2.26605441e-129 3.81174187e-103 7.61901024e-117
 5.04562598e-129 4.85997494e-110 6.84127225e-125 3.54443794e-122
 2.71351259e-127 3.67099579e-119]","[1.32505188e-126 3.66625391e-120 4.55467848e-130 1.32505188e-126
 8.85357293e-148 7.79563234e-118 1.65526914e-137 6.44036529e-126
 7.84645245e-121 5.53102464e-128 1.31890515e-112 4.06843613e-131
 1.59807269e-132 9.11197923e-131 3.67099579e-119 2.72168499e-134
 4.06843613e-131 7.79563234e-118 4.50098708e-136 1.65526914e-137
 1.32505188e-126 5.04562598e-129 7.79563234e-118 3.54443794e-122
 3.16268593e-114 9.11197923e-131 1.81440195e-131 1.96307101e-144
 1.41739559e-125 1.52170582e-145 1.66865694e-117 7.89408622e-119
 7.79563234e-118 5.53102464e-128 7.70163359e-122 9.46545979e-156
 4.55467848e-130 1.21995247e-111 2.03839988e-130 3.62364483e-121
 1.65526914e-137 1.97454306e-136 1.62522975e-116 1.62522975e-116
 2.33052754e-135 2.92297102e-126 1.57171273e-123 2.49277144e-128
 1.39274712e-133 2.26605441e-129]",8.634288527527599e-105,2.710086175810325e-113,5.3597786969915513e-104,1.7140398571901128e-112
df3,0.9,-1.0,0.9,"[1.06947759e-100 6.68471205e-114 6.31809023e-152 7.09357420e-133
 3.81174187e-103 1.41127475e-113 3.67099579e-119 7.19151616e-124
 1.67153521e-121 3.11577768e-125 1.67153521e-121 1.41739559e-125
 7.70163359e-122 2.77174564e-112 1.62932937e-122 5.04562598e-129
 2.97606811e-113 3.67099579e-119 2.26605441e-129 3.11577768e-125
 1.50038437e-124 4.51863753e-104 9.11197923e-131 6.15879083e-106
 3.78658116e-137 1.69558264e-118 3.56765397e-117 7.36968843e-116
 3.59598810e-132 4.50098708e-136 5.30739252e-101 1.62932937e-122
 5.99978104e-127 3.54443794e-122 2.33113443e-110 5.29370851e-135
 1.62932937e-122 1.97454306e-136 7.79563234e-118 1.69558264e-118
 4.06843613e-131 4.51863753e-104 8.65193381e-137 1.66475925e-107
 2.97606811e-113 4.51863753e-104 1.69706671e-120 1.69558264e-118
 7.05518906e-115 1.50038437e-124]","[1.50038437e-124 3.63777125e-118 9.57936136e-169 5.29370851e-135
 1.66865694e-117 5.53102464e-128 2.49277144e-128 1.70527622e-141
 1.07337441e-143 1.37294733e-138 6.64504909e-149 1.07337441e-143
 6.16042076e-134 1.56663455e-115 1.70527622e-141 5.97340427e-139
 3.66625391e-120 1.81440195e-131 2.11520456e-140 9.14846799e-141
 2.33052754e-135 2.55501261e-111 1.20103174e-134 1.62522975e-116
 1.36018053e-142 1.97454306e-136 6.47280639e-146 6.84127225e-125
 3.95211198e-141 8.66394516e-151 1.70515873e-119 7.48112939e-123
 8.38015691e-145 1.12671987e-139 7.05518906e-115 4.94613442e-147
 7.22731515e-138 6.58533558e-157 1.65526914e-137 1.70527622e-141
 2.06878284e-150 1.62522975e-116 2.59582860e-139 1.57171273e-123
 5.04562598e-129 7.79563234e-118 4.50098708e-136 3.78658116e-137
 3.14502261e-133 2.75002067e-146]",3.210780996136434e-102,5.111820253921292e-113,1.6576706747293804e-101,3.5769921483429357e-112
df3,0.9500000000000001,-1.0,0.9500000000000001,"[3.56765397e-117 3.62364483e-121 5.99978104e-127 1.66865694e-117
 1.41739559e-125 3.56765397e-117 1.32505188e-126 7.36968843e-116
 3.46283303e-116 1.88166010e-108 1.12215372e-128 1.01652477e-129
 7.84645245e-121 5.99978104e-127 7.48112939e-123 2.49277144e-128
 9.07714507e-109 2.33113443e-110 7.70163359e-122 3.54443794e-122
 1.50038437e-124 1.67153521e-121 7.05518906e-115 1.69706671e-120
 2.49277144e-128 7.61901024e-117 3.54443794e-122 7.79563234e-118
 2.09388117e-147 1.12215372e-128 6.44036529e-126 1.32505188e-126
 1.69558264e-118 7.85078471e-154 1.41127475e-113 1.50038437e-124
 6.47280639e-146 9.07714507e-109 4.94613442e-147 3.57314355e-145
 1.12215372e-128 1.69558264e-118 3.11577768e-125 3.56765397e-117
 1.70515873e-119 7.89408622e-119 3.56765397e-117 3.54443794e-122
 9.11197923e-131 3.62364483e-121]","[1.50038437e-124 3.95211198e-141 1.39274712e-133 1.12215372e-128
 1.17530003e-149 2.26605441e-129 1.07337441e-143 1.02479477e-135
 1.97454306e-136 1.67153521e-121 1.02479477e-135 3.95211198e-141
 1.12671987e-139 5.84114683e-143 4.06843613e-131 1.96307101e-144
 8.08221677e-132 5.53102464e-128 3.14502261e-133 1.97454306e-136
 8.65193381e-137 6.47280639e-146 1.02479477e-135 4.88474039e-140
 1.07337441e-143 3.15189803e-138 9.14846799e-141 2.06878284e-150
 8.85357293e-148 2.75002067e-146 1.52170582e-145 4.50098708e-136
 5.97340427e-139 1.85265048e-158 4.06843613e-131 3.16357866e-142
 2.70191421e-157 1.67153521e-121 4.53189266e-158 1.96416771e-174
 5.97340427e-139 1.02479477e-135 2.50543477e-143 5.04562598e-129
 8.85357293e-148 3.59598810e-132 4.88474039e-140 2.11520456e-140
 2.06878284e-150 2.72168499e-134]",7.440830822006562e-110,6.689143106489933e-123,3.134405715151098e-109,3.2754660804162995e-122
df3,1.0,-1.0,1.0,"[1.02898789e-094 9.14846799e-141 7.91123773e-120 1.56663455e-115
 2.49277144e-128 3.32649959e-115 7.91123773e-120 1.59807269e-132
 1.59807269e-132 7.91123773e-120 1.56663455e-115 2.49277144e-128
 3.16268593e-114 7.36968843e-116 5.34499160e-111 4.55467848e-130
 1.57171273e-123 3.16268593e-114 9.07714507e-109 3.49368581e-099
 1.41127475e-113 1.50038437e-124 4.55467848e-130 3.89617725e-108
 1.02479477e-135 1.41739559e-125 3.66625391e-120 1.31890515e-112
 7.70163359e-122 2.33052754e-135 5.97340427e-139 2.33052754e-135
 6.68471205e-114 3.59598810e-132 6.84127225e-125 1.02479477e-135
 8.08221677e-132 5.34499160e-111 3.59598810e-132 1.17530003e-149
 3.63777125e-118 1.02479477e-135 2.59582860e-139 3.67099579e-119
 7.61901024e-117 1.69706671e-120 1.96307101e-144 4.06843613e-131
 3.15189803e-138 3.56765397e-117]","[1.26370308e-105 4.55776756e-153 4.59306180e-144 2.59582860e-139
 1.57721865e-148 1.12215372e-128 1.39274712e-133 6.11074430e-166
 3.08488950e-159 1.70527622e-141 5.53102464e-128 1.57721865e-148
 6.16042076e-134 1.09619158e-152 3.62364483e-121 4.59306180e-144
 1.39274712e-133 1.59807269e-132 1.66865694e-117 1.62522975e-116
 1.12671987e-139 1.97454306e-136 8.85357293e-148 2.49277144e-128
 1.10723264e-157 3.16357866e-142 4.59306180e-144 3.78658116e-137
 3.16357866e-142 1.52170582e-145 2.29586024e-155 4.93392456e-150
 1.39274712e-133 6.64504909e-149 4.93392456e-150 2.09388117e-147
 5.11181442e-160 1.39274712e-133 3.62405363e-151 1.89275526e-153
 3.78658116e-137 3.95211198e-141 3.62405363e-151 1.65526914e-137
 5.84114683e-143 3.59598810e-132 5.11181442e-160 2.70191421e-157
 6.47280639e-146 3.78658116e-137]",2.058045655397338e-96,2.5274061517099124e-107,1.4405820498107349e-95,1.769184306171337e-106
