model_name,epoch,train_loss,val_loss,val_recon_raw,val_divergence_raw,train_recon,train_divergence,train_total_loss,train_safety_acc,train_safety_y1_acc,train_safety_y0_acc,train_frac_y1,train_frac_y0,val_recon,val_divergence,val_total_loss,val_safety_acc,val_safety_y1_acc,val_safety_y0_acc,val_frac_y1,val_frac_y0
reconstruction_only,1,0.12246366838614146,0.038013715475797655,0.038013715475797655,0.13210281682014466,0.043056307981411614,0.13758870462576547,0.043056307981411614,0.9130859375,1.0,0.0,0.9130859375,0.0869140625,0.038013715475797655,0.1322114895582199,0.038013715475797655,0.919,1.0,0.0,0.919,0.081
reconstruction_only,2,0.04509885609149933,0.02289495487511158,0.02289495487511158,0.4337268743515015,0.023693112656474113,0.4585554500420888,0.023693112656474113,0.9664713541666666,1.0,0.6254545454545455,0.9104817708333334,0.08951822916666667,0.02289495487511158,0.43425192618370057,0.02289495487511158,0.968,1.0,0.6049382716049383,0.919,0.081
reconstruction_only,3,0.02065394880870978,0.013877822369337081,0.013877822369337081,0.611042263507843,0.015535234163204828,0.6470431685447693,0.015535234163204828,0.9143880208333334,1.0,0.02952029520295203,0.9117838541666666,0.08821614583333333,0.013877822369337081,0.610789716720581,0.013877822369337081,0.92,1.0,0.012345679012345678,0.919,0.081
reconstruction_only,4,0.016918771900236607,0.012116082683205605,0.012116082683205605,0.4103213200569153,0.013754312880337238,0.43956361214319867,0.013754312880337238,0.9143880208333334,1.0,0.011278195488721804,0.9134114583333334,0.08658854166666667,0.012116082683205605,0.41079662346839907,0.012116082683205605,0.919,1.0,0.0,0.919,0.081
reconstruction_only,5,0.013865029439330101,0.005136666402220726,0.005136666402220726,0.5509769811630248,0.0056859892792999744,0.5780914425849915,0.0056859892792999744,0.9293619791666666,1.0,0.1811320754716981,0.9137369791666666,0.08626302083333333,0.005136666402220726,0.5503007936477661,0.005136666402220726,0.935,1.0,0.19753086419753085,0.919,0.081
reconstruction_only,6,0.007388137436161439,0.007858712520450353,0.007858712520450353,0.8784762105941772,0.00802545870343844,0.8944798310597738,0.00802545870343844,0.9700520833333334,0.9989308624376336,0.6654135338345865,0.9134114583333334,0.08658854166666667,0.007858712520450353,0.8770196471214294,0.007858712520450353,0.968,1.0,0.6049382716049383,0.919,0.081
reconstruction_only,7,0.006593108798066775,0.003737019466236234,0.003737019466236234,0.8757558560371399,0.004011442108700673,0.8937001824378967,0.004011442108700673,0.9527994791666666,1.0,0.458955223880597,0.9127604166666666,0.08723958333333333,0.003737019466236234,0.8759174861907959,0.003737019466236234,0.952,1.0,0.4074074074074074,0.919,0.081
reconstruction_only,8,0.00350819310794274,0.004214537069201469,0.004214537069201469,0.8646054172515869,0.004597869236022234,0.8806164860725403,0.004597869236022234,0.9313151041666666,1.0,0.23550724637681159,0.91015625,0.08984375,0.004214537069201469,0.8644177145957946,0.004214537069201469,0.94,1.0,0.25925925925925924,0.919,0.081
reconstruction_only,9,0.0036488274733225503,0.002087274206802249,0.002087274206802249,0.6608770523071289,0.0021571569765607515,0.6776763796806335,0.0021571569765607515,0.9557291666666666,1.0,0.4828897338403042,0.9143880208333334,0.08561197916666667,0.002087274206802249,0.6613477907180786,0.002087274206802249,0.954,1.0,0.43209876543209874,0.919,0.081
reconstruction_only,10,0.002113557575891415,0.0019428947474807502,0.0019428947474807502,0.5892550916671753,0.002076012703279654,0.6086079875628153,0.002076012703279654,0.9788411458333334,0.9989312433202707,0.7660377358490567,0.9137369791666666,0.08626302083333333,0.0019428947474807502,0.5886099944114686,0.0019428947474807502,0.98,1.0,0.7530864197530864,0.919,0.081
reconstruction_only,11,0.001638258807361126,0.0011586116570979357,0.0011586116570979357,0.40960060715675356,0.0012401973751063149,0.4262423018614451,0.0012401973751063149,0.9651692708333334,1.0,0.5977443609022557,0.9134114583333334,0.08658854166666667,0.0011586116570979357,0.409469899892807,0.0011586116570979357,0.964,1.0,0.5555555555555556,0.919,0.081
reconstruction_only,12,0.0015420647881304224,0.0013105232613161207,0.0013105232613161207,0.1217455785870552,0.0014501286592955391,0.12602179994185767,0.0014501286592955391,0.9638671875,1.0,0.5795454545454546,0.9140625,0.0859375,0.0013105232613161207,0.12175227445363998,0.0013105232613161207,0.961,1.0,0.5185185185185185,0.919,0.081
reconstruction_only,13,0.001161936631736656,0.001120763787999749,0.001120763787999749,0.5210617837905884,0.0011924598754073183,0.5205381313959757,0.0011924598754073183,0.9781901041666666,1.0,0.7490636704119851,0.9130859375,0.0869140625,0.001120763787999749,0.5213794050216675,0.001120763787999749,0.976,1.0,0.7037037037037037,0.919,0.081
reconstruction_only,14,0.001042769756168127,0.0008403133084066212,0.0008403133084066212,0.31214498400688173,0.0008612077993651231,0.32072914640108746,0.0008612077993651231,0.9720052083333334,1.0,0.6742424242424242,0.9140625,0.0859375,0.0008403133084066212,0.3117962317466736,0.0008403133084066212,0.968,1.0,0.6049382716049383,0.919,0.081
reconstruction_only,15,0.0008810449896069864,0.0007232620050199329,0.0007232620050199329,0.9553233675956726,0.0007782518320406476,0.9610185623168945,0.0007782518320406476,0.9622395833333334,1.0,0.5781818181818181,0.9104817708333334,0.08951822916666667,0.0007232620050199329,0.9551769232749939,0.0007232620050199329,0.965,1.0,0.5679012345679012,0.919,0.081
reconstruction_only,16,0.0007344014981451134,0.0006440123245120048,0.0006440123245120048,0.9985704145431519,0.0006689199168855945,0.9989116787910461,0.0006689199168855945,0.9697265625,1.0,0.6477272727272727,0.9140625,0.0859375,0.0006440123245120048,0.9992709665298461,0.0006440123245120048,0.971,1.0,0.6419753086419753,0.919,0.081
reconstruction_only,17,0.0006742467327664295,0.0005999673064798117,0.0005999673064798117,0.9983636837005615,0.0006413114800428351,0.9989179968833923,0.0006413114800428351,0.970703125,1.0,0.6538461538461539,0.9153645833333334,0.08463541666666667,0.0005999673064798117,0.9978842520713807,0.0005999673064798117,0.969,1.0,0.6172839506172839,0.919,0.081
reconstruction_only,18,0.0006258964810209969,0.0005475694411434234,0.0005475694411434234,0.9982135682106018,0.0005802732775919139,0.9986764192581177,0.0005802732775919139,0.9658203125,1.0,0.6052631578947368,0.9134114583333334,0.08658854166666667,0.0005475694411434234,0.9973452959060669,0.0005475694411434234,0.963,1.0,0.5432098765432098,0.919,0.081
reconstruction_only,19,0.0005457400693558156,0.0004901613059919328,0.0004901613059919328,0.9862548394203186,0.0004885313586176684,0.987908939520518,0.0004885313586176684,0.9703776041666666,1.0,0.6459143968871596,0.9163411458333334,0.08365885416666667,0.0004901613059919328,0.9884640789031982,0.0004901613059919328,0.969,1.0,0.6172839506172839,0.919,0.081
reconstruction_only,20,0.0005082487574933717,0.00044314013281837106,0.00044314013281837106,0.9172901277542114,0.00046522497238280874,0.924220601717631,0.00046522497238280874,0.9690755208333334,1.0,0.6441947565543071,0.9130859375,0.0869140625,0.00044314013281837106,0.916992045879364,0.00044314013281837106,0.969,1.0,0.6172839506172839,0.919,0.081
reconstruction_only,21,0.0004508714094602813,0.0003771385778672993,0.0003771385778672993,0.605276349067688,0.0003978200935913871,0.613863488038381,0.0003978200935913871,0.9664713541666666,1.0,0.6068702290076335,0.9147135416666666,0.08528645833333333,0.0003771385778672993,0.6039002957344055,0.0003771385778672993,0.966,1.0,0.5802469135802469,0.919,0.081
reconstruction_only,22,0.0003801786806434393,0.00032307647401466963,0.00032307647401466963,0.24449954557418824,0.00033093100258459646,0.2542994022369385,0.00033093100258459646,0.9694010416666666,1.0,0.6654804270462633,0.9085286458333334,0.09147135416666667,0.00032307647401466963,0.24438879573345185,0.00032307647401466963,0.969,1.0,0.6172839506172839,0.919,0.081
reconstruction_only,23,0.0003077246607669319,0.00025692738336510957,0.00025692738336510957,0.6714470200538635,0.00027035547342772287,0.7525198459625244,0.00027035547342772287,0.9703776041666666,1.0,0.6472868217054264,0.916015625,0.083984375,0.00025692738336510957,0.6706149063110352,0.00025692738336510957,0.971,1.0,0.6419753086419753,0.919,0.081
reconstruction_only,24,0.00024637498427182436,0.00019303735112771392,0.00019303735112771392,0.6752768096923828,0.00020289382276435694,0.6700060963630676,0.00020289382276435694,0.9694010416666666,1.0,0.6439393939393939,0.9140625,0.0859375,0.00019303735112771392,0.6762153325080872,0.00019303735112771392,0.968,1.0,0.6049382716049383,0.919,0.081
reconstruction_only,25,0.00018431050314878425,0.00013497621449641884,0.00013497621449641884,0.5942542476654052,0.00014246697052537152,0.5981982350349426,0.00014246697052537152,0.9713541666666666,1.0,0.6679245283018868,0.9137369791666666,0.08626302083333333,0.00013497621449641884,0.5938378071784973,0.00013497621449641884,0.971,1.0,0.6419753086419753,0.919,0.081
reconstruction_only,26,0.0001193458738271147,7.746913633309305e-05,7.746913633309305e-05,0.5908391137123108,8.482742365837719e-05,0.5930620431900024,8.482742365837719e-05,0.9694010416666666,1.0,0.6254980079681275,0.9182942708333334,0.08170572916666667,7.746913633309305e-05,0.5908644366264343,7.746913633309305e-05,0.968,1.0,0.6049382716049383,0.919,0.081
reconstruction_only,27,7.540032553758162e-05,4.852749075507745e-05,4.852749075507745e-05,0.5706056203842164,5.4402905031262584e-05,0.5728577375411987,5.4402905031262584e-05,0.9703776041666666,1.0,0.6553030303030303,0.9140625,0.0859375,4.852749075507745e-05,0.5710654697418213,4.852749075507745e-05,0.969,1.0,0.6172839506172839,0.919,0.081
reconstruction_only,28,5.00692197723159e-05,4.2608731397194785e-05,4.2608731397194785e-05,0.5543576941490174,4.926267016950684e-05,0.5596113006273905,4.926267016950684e-05,0.9684244791666666,1.0,0.6459854014598541,0.9108072916666666,0.08919270833333333,4.2608731397194785e-05,0.55504021692276,4.2608731397194785e-05,0.969,1.0,0.6172839506172839,0.919,0.081
reconstruction_only,29,4.78447970332733e-05,4.683537839446217e-05,4.683537839446217e-05,0.5310867295265198,5.148809699070019e-05,0.5345847010612488,5.148809699070019e-05,0.9694010416666666,1.0,0.6412213740458015,0.9147135416666666,0.08528645833333333,4.683537839446217e-05,0.5307634725570679,4.683537839446217e-05,0.969,1.0,0.6172839506172839,0.919,0.081
reconstruction_only,30,4.9321814003633335e-05,3.91988318588119e-05,3.91988318588119e-05,0.5353011450767517,4.306382470531389e-05,0.5441288948059082,4.306382470531389e-05,0.9694010416666666,1.0,0.6452830188679245,0.9137369791666666,0.08626302083333333,3.91988318588119e-05,0.5365351104736328,3.91988318588119e-05,0.969,1.0,0.6172839506172839,0.919,0.081
reconstruction_only,31,3.926460340153426e-05,3.306451720709447e-05,3.306451720709447e-05,0.5671996402740479,3.6292674243062116e-05,0.5749146540959676,3.6292674243062116e-05,0.9674479166666666,1.0,0.6282527881040892,0.9124348958333334,0.08756510416666667,3.306451720709447e-05,0.5667961912155152,3.306451720709447e-05,0.968,1.0,0.6049382716049383,0.919,0.081
reconstruction_only,32,3.4667430251526334e-05,2.9713733674725517e-05,2.9713733674725517e-05,0.5818093400001526,3.3191265174536966e-05,0.5968020757039388,3.3191265174536966e-05,0.9661458333333334,1.0,0.6298932384341637,0.9085286458333334,0.09147135416666667,2.9713733674725517e-05,0.582487663269043,2.9713733674725517e-05,0.968,1.0,0.6049382716049383,0.919,0.081
reconstruction_only,33,3.279880547779612e-05,2.8996300126891582e-05,2.8996300126891582e-05,0.5811864790916443,3.355362847893654e-05,0.5954063336054484,3.355362847893654e-05,0.9700520833333334,1.0,0.6475095785440613,0.9150390625,0.0849609375,2.8996300126891582e-05,0.5825658211708069,2.8996300126891582e-05,0.968,1.0,0.6049382716049383,0.919,0.081
reconstruction_only,34,3.258530159655493e-05,2.9429941583657637e-05,2.9429941583657637e-05,0.5823373303413392,3.2218665486046426e-05,0.5876495043436686,3.2218665486046426e-05,0.9713541666666666,1.0,0.6602316602316602,0.9156901041666666,0.08430989583333333,2.9429941583657637e-05,0.5833688292503357,2.9429941583657637e-05,0.969,1.0,0.6172839506172839,0.919,0.081
reconstruction_only,35,3.2285982039563045e-05,2.7013939252356068e-05,2.7013939252356068e-05,0.5645652017593383,2.9927135377268616e-05,0.5798625747362772,2.9927135377268616e-05,0.9671223958333334,1.0,0.6392857142857142,0.9088541666666666,0.09114583333333333,2.7013939252356068e-05,0.5660576162338257,2.7013939252356068e-05,0.968,1.0,0.6049382716049383,0.919,0.081
reconstruction_only,36,2.912162381107919e-05,2.4661146162543447e-05,2.4661146162543447e-05,0.5614147863388061,2.8558645984351944e-05,0.5712543725967407,2.8558645984351944e-05,0.9684244791666666,1.0,0.6523297491039427,0.9091796875,0.0908203125,2.4661146162543447e-05,0.5606860857009888,2.4661146162543447e-05,0.968,1.0,0.6049382716049383,0.919,0.081
reconstruction_only,37,2.6556936063570902e-05,2.328998911252711e-05,2.328998911252711e-05,0.5556152529716492,2.5736642176828656e-05,0.5651297767957052,2.5736642176828656e-05,0.9680989583333334,1.0,0.65,0.9088541666666666,0.09114583333333333,2.328998911252711e-05,0.5546111702919007,2.328998911252711e-05,0.968,1.0,0.6049382716049383,0.919,0.081
reconstruction_only,38,2.5838705672261614e-05,2.746912142902147e-05,2.746912142902147e-05,0.554745680809021,2.9708147849305533e-05,0.564730187257131,2.9708147849305533e-05,0.9694010416666666,1.0,0.6452830188679245,0.9137369791666666,0.08626302083333333,2.746912142902147e-05,0.5568883819580078,2.746912142902147e-05,0.969,1.0,0.6172839506172839,0.919,0.081
reconstruction_only,39,2.980709299057101e-05,2.5020767119713127e-05,2.5020767119713127e-05,0.5555369634628295,2.621633999903376e-05,0.5636245807011923,2.621633999903376e-05,0.9713541666666666,1.0,0.6691729323308271,0.9134114583333334,0.08658854166666667,2.5020767119713127e-05,0.5553303928375244,2.5020767119713127e-05,0.968,1.0,0.6049382716049383,0.919,0.081
reconstruction_only,40,2.619282410402472e-05,2.1466281003085896e-05,2.1466281003085896e-05,0.5550629496574402,2.4421666239504702e-05,0.5642060041427612,2.4421666239504702e-05,0.9710286458333334,1.0,0.6603053435114504,0.9147135416666666,0.08528645833333333,2.1466281003085896e-05,0.5557106199264527,2.1466281003085896e-05,0.968,1.0,0.6049382716049383,0.919,0.081
reconstruction_only,41,2.466122653762189e-05,2.1645856875693427e-05,2.1645856875693427e-05,0.5627154588699341,2.4079998790208872e-05,0.5742883682250977,2.4079998790208872e-05,0.9697265625,1.0,0.6555555555555556,0.912109375,0.087890625,2.1645856875693427e-05,0.5624308414459228,2.1645856875693427e-05,0.969,1.0,0.6172839506172839,0.919,0.081
reconstruction_only,42,2.3424503524438478e-05,2.0206732267979532e-05,2.0206732267979532e-05,0.5638527083396911,2.201083649803574e-05,0.5725766817728678,2.201083649803574e-05,0.9680989583333334,1.0,0.6410256410256411,0.9111328125,0.0888671875,2.0206732267979532e-05,0.5636183738708496,2.0206732267979532e-05,0.969,1.0,0.6172839506172839,0.919,0.081
reconstruction_only,43,2.2930779474942636e-05,2.7684141939971595e-05,2.7684141939971595e-05,0.5591115441322326,3.01874169963412e-05,0.5727022488911947,3.01874169963412e-05,0.9661458333333334,1.0,0.6258992805755396,0.9095052083333334,0.09049479166666667,2.7684141939971595e-05,0.5595937700271606,2.7684141939971595e-05,0.968,1.0,0.6049382716049383,0.919,0.081
reconstruction_only,44,3.399348497623578e-05,2.6219589562970215e-05,2.6219589562970215e-05,0.5706731481552124,2.8545889411664877e-05,0.5781256556510925,2.8545889411664877e-05,0.9694010416666666,1.0,0.6492537313432836,0.9127604166666666,0.08723958333333333,2.6219589562970215e-05,0.5705524668693542,2.6219589562970215e-05,0.969,1.0,0.6172839506172839,0.919,0.081
reconstruction_only,45,2.4399272054627847e-05,2.451998602191452e-05,2.451998602191452e-05,0.5688605256080628,2.6160444879982e-05,0.5810921788215637,2.6160444879982e-05,0.9694010416666666,1.0,0.6556776556776557,0.9111328125,0.0888671875,2.451998602191452e-05,0.5680211682319641,2.451998602191452e-05,0.969,1.0,0.6172839506172839,0.919,0.081
reconstruction_only,46,2.6777820797481883e-05,1.8705089081777258e-05,1.8705089081777258e-05,0.5641828646659851,2.093185382060862e-05,0.5761581460634867,2.093185382060862e-05,0.9654947916666666,1.0,0.6173285198555957,0.9098307291666666,0.09016927083333333,1.8705089081777258e-05,0.5644501423835755,1.8705089081777258e-05,0.968,1.0,0.6049382716049383,0.919,0.081
reconstruction_only,47,2.2831214058290545e-05,2.015840019157622e-05,2.015840019157622e-05,0.5666016530990601,2.2281825295067392e-05,0.5762707392374674,2.2281825295067392e-05,0.9677734375,1.0,0.6413043478260869,0.91015625,0.08984375,2.015840019157622e-05,0.5668237185478211,2.015840019157622e-05,0.968,1.0,0.6049382716049383,0.919,0.081
reconstruction_only,48,2.1465528940704342e-05,2.0850523316767065e-05,2.0850523316767065e-05,0.5650872650146485,2.218418133755525e-05,0.5790908137957255,2.218418133755525e-05,0.9716796875,1.0,0.6824817518248175,0.9108072916666666,0.08919270833333333,2.0850523316767065e-05,0.5654475283622742,2.0850523316767065e-05,0.969,1.0,0.6172839506172839,0.919,0.081
reconstruction_only,49,2.1423578194420163e-05,1.860496735025663e-05,1.860496735025663e-05,0.5572214045524597,2.1810862866307918e-05,0.5686332980791727,2.1810862866307918e-05,0.96875,1.0,0.6390977443609023,0.9134114583333334,0.08658854166666667,1.860496735025663e-05,0.5570157346725464,1.860496735025663e-05,0.968,1.0,0.6049382716049383,0.919,0.081
reconstruction_only,50,2.16688567888923e-05,1.818674473906867e-05,1.818674473906867e-05,0.5604916281700134,2.0127679817960598e-05,0.5720310608545939,2.0127679817960598e-05,0.9690755208333334,1.0,0.6468401486988847,0.9124348958333334,0.08756510416666667,1.818674473906867e-05,0.5599540758132935,1.818674473906867e-05,0.967,1.0,0.5925925925925926,0.919,0.081
reconstruction_only,51,2.0371845190917764e-05,1.8047907433356157e-05,1.8047907433356157e-05,0.5620341815948486,1.9534458260750398e-05,0.5691418846448263,1.9534458260750398e-05,0.970703125,1.0,0.660377358490566,0.9137369791666666,0.08626302083333333,1.8047907433356157e-05,0.5616991405487061,1.8047907433356157e-05,0.969,1.0,0.6172839506172839,0.919,0.081
reconstruction_only,52,2.0084829278251466e-05,1.669951576332096e-05,1.669951576332096e-05,0.5584148101806641,1.7226416578826804e-05,0.5686797499656677,1.7226416578826804e-05,0.9690755208333334,1.0,0.6455223880597015,0.9127604166666666,0.08723958333333333,1.669951576332096e-05,0.5594711437225341,1.669951576332096e-05,0.968,1.0,0.6049382716049383,0.919,0.081
reconstruction_only,53,1.9616063582361676e-05,1.7956854193471373e-05,1.7956854193471373e-05,0.5525099654197693,2.0620130574873958e-05,0.5632520119349161,2.0620130574873958e-05,0.9703776041666666,1.0,0.6553030303030303,0.9140625,0.0859375,1.7956854193471373e-05,0.55197389793396,1.7956854193471373e-05,0.967,1.0,0.5925925925925926,0.919,0.081
reconstruction_only,54,1.9752524167415686e-05,1.657130786770722e-05,1.657130786770722e-05,0.5537794313430786,1.8170425998202216e-05,0.56243367989858,1.8170425998202216e-05,0.9661458333333334,1.0,0.6298932384341637,0.9085286458333334,0.09147135416666667,1.657130786770722e-05,0.5527134761810303,1.657130786770722e-05,0.968,1.0,0.6049382716049383,0.919,0.081
reconstruction_only,55,1.906959732878022e-05,1.8170106908655726e-05,1.8170106908655726e-05,0.552305953502655,2.0220304577378556e-05,0.5634240508079529,2.0220304577378556e-05,0.9713541666666666,1.0,0.6549019607843137,0.9169921875,0.0830078125,1.8170106908655726e-05,0.5521659917831421,1.8170106908655726e-05,0.969,1.0,0.6172839506172839,0.919,0.081
reconstruction_only,56,1.9503425695196103e-05,1.76289978553541e-05,1.76289978553541e-05,0.5520637745857239,1.930394197794764e-05,0.5619319081306458,1.930394197794764e-05,0.9674479166666666,1.0,0.6363636363636364,0.9104817708333334,0.08951822916666667,1.76289978553541e-05,0.55168696641922,1.76289978553541e-05,0.969,1.0,0.6172839506172839,0.919,0.081
reconstruction_only,57,1.9445498158650782e-05,1.543295271403622e-05,1.543295271403622e-05,0.5532574763298035,1.7276632812960695e-05,0.5618985096613566,1.7276632812960695e-05,0.9677734375,1.0,0.6292134831460674,0.9130859375,0.0869140625,1.543295271403622e-05,0.5530332322120667,1.543295271403622e-05,0.968,1.0,0.6049382716049383,0.919,0.081
reconstruction_only,58,1.810252554908705e-05,1.9997720373794435e-05,1.9997720373794435e-05,0.5435286273956299,2.245833820779808e-05,0.5570463538169861,2.245833820779808e-05,0.9716796875,1.0,0.6627906976744186,0.916015625,0.083984375,1.9997720373794435e-05,0.5433712916374207,1.9997720373794435e-05,0.967,1.0,0.5925925925925926,0.919,0.081
reconstruction_only,59,2.6335572329116985e-05,3.425935498671606e-05,3.425935498671606e-05,0.5423312287330627,3.677604399854317e-05,0.5509872436523438,3.677604399854317e-05,0.9654947916666666,1.0,0.6214285714285714,0.9088541666666666,0.09114583333333333,3.425935498671606e-05,0.5429290986061096,3.425935498671606e-05,0.969,1.0,0.6172839506172839,0.919,0.081
reconstruction_only,60,3.514649021478059e-05,1.97779046575306e-05,1.97779046575306e-05,0.5407156672477722,2.1717235237398807e-05,0.5491752823193868,2.1717235237398807e-05,0.9703776041666666,1.0,0.6690909090909091,0.9104817708333334,0.08951822916666667,1.97779046575306e-05,0.5407005152702331,1.97779046575306e-05,0.969,1.0,0.6172839506172839,0.919,0.081
reconstruction_only,61,1.9446795704425313e-05,2.8415613167453557e-05,2.8415613167453557e-05,0.5379176392555237,2.9997291373244177e-05,0.5464308857917786,2.9997291373244177e-05,0.9720052083333334,1.0,0.6614173228346457,0.9173177083333334,0.08268229166666667,2.8415613167453557e-05,0.5375796546936035,2.8415613167453557e-05,0.969,1.0,0.6172839506172839,0.919,0.081
reconstruction_only,62,2.8844586874280747e-05,1.7429984058253468e-05,1.7429984058253468e-05,0.5306650266647339,1.852271998359356e-05,0.5436208049456278,1.852271998359356e-05,0.970703125,1.0,0.6551724137931034,0.9150390625,0.0849609375,1.7429984058253468e-05,0.5298464574813843,1.7429984058253468e-05,0.968,1.0,0.6049382716049383,0.919,0.081
reconstruction_only,63,1.752107952294561e-05,2.0258618489606306e-05,2.0258618489606306e-05,0.5181718373298645,2.285847040184308e-05,0.5255834857622782,2.285847040184308e-05,0.9684244791666666,1.0,0.6407407407407407,0.912109375,0.087890625,2.0258618489606306e-05,0.518838659286499,2.0258618489606306e-05,0.968,1.0,0.6049382716049383,0.919,0.081
reconstruction_only,64,1.904084456327837e-05,1.3751504287938587e-05,1.3751504287938587e-05,0.5153822002410888,1.5431557282378588e-05,0.5241511066754659,1.5431557282378588e-05,0.9703776041666666,1.0,0.64453125,0.9166666666666666,0.08333333333333333,1.3751504287938587e-05,0.5159681324958801,1.3751504287938587e-05,0.968,1.0,0.6049382716049383,0.919,0.081
reconstruction_only,65,1.702075102609039e-05,1.7128071514889597e-05,1.7128071514889597e-05,0.5068406829833985,1.897772138666672e-05,0.5177896618843079,1.897772138666672e-05,0.9694010416666666,1.0,0.6384615384615384,0.9153645833333334,0.08463541666666667,1.7128071514889597e-05,0.5067479038238525,1.7128071514889597e-05,0.967,1.0,0.5925925925925926,0.919,0.081
reconstruction_only,66,1.6307323979466066e-05,1.305098038574215e-05,1.305098038574215e-05,0.4971552081108093,1.4223423325650705e-05,0.5090000232060751,1.4223423325650705e-05,0.9671223958333334,1.0,0.6313868613138686,0.9108072916666666,0.08919270833333333,1.305098038574215e-05,0.49688740491867067,1.305098038574215e-05,0.968,1.0,0.6049382716049383,0.919,0.081
reconstruction_only,67,1.5154157760359036e-05,1.2687474787526298e-05,1.2687474787526298e-05,0.487423321723938,1.4255181667977013e-05,0.5016104578971863,1.4255181667977013e-05,0.9690755208333334,1.0,0.6494464944649446,0.9117838541666666,0.08821614583333333,1.2687474787526298e-05,0.48761509609222414,1.2687474787526298e-05,0.968,1.0,0.6049382716049383,0.919,0.081
reconstruction_only,68,1.3469029909174424e-05,1.171644819987705e-05,1.171644819987705e-05,0.47172667145729064,1.2786834001114281e-05,0.4834731121857961,1.2786834001114281e-05,0.9680989583333334,1.0,0.6410256410256411,0.9111328125,0.0888671875,1.171644819987705e-05,0.4715116674900055,1.171644819987705e-05,0.969,1.0,0.6172839506172839,0.919,0.081
reconstruction_only,69,1.3252521360603472e-05,1.119677387032425e-05,1.119677387032425e-05,0.4592653262615204,1.2056220839440357e-05,0.4730532467365265,1.2056220839440357e-05,0.9697265625,1.0,0.6555555555555556,0.912109375,0.087890625,1.119677387032425e-05,0.4595031454563141,1.119677387032425e-05,0.969,1.0,0.6172839506172839,0.919,0.081
reconstruction_only,70,1.2395502987298338e-05,1.1189321579877287e-05,1.1189321579877287e-05,0.4515457999706268,1.2738294572045561e-05,0.462776521841685,1.2738294572045561e-05,0.9729817708333334,1.0,0.6844106463878327,0.9143880208333334,0.08561197916666667,1.1189321579877287e-05,0.45102119326591494,1.1189321579877287e-05,0.969,1.0,0.6172839506172839,0.919,0.081
reconstruction_only,71,1.2253663650578043e-05,1.1629786691628397e-05,1.1629786691628397e-05,0.4464937722682953,1.2182690625195391e-05,0.4613601565361023,1.2182690625195391e-05,0.96875,1.0,0.6363636363636364,0.9140625,0.0859375,1.1629786691628397e-05,0.4466377303600311,1.1629786691628397e-05,0.969,1.0,0.6172839506172839,0.919,0.081
reconstruction_only,72,1.249711203854531e-05,1.1272823299805168e-05,1.1272823299805168e-05,0.4493712465763092,1.2726140388015969e-05,0.46180270115534466,1.2726140388015969e-05,0.9710286458333334,1.0,0.6615969581749049,0.9143880208333334,0.08561197916666667,1.1272823299805168e-05,0.4484767372608185,1.1272823299805168e-05,0.969,1.0,0.6172839506172839,0.919,0.081
reconstruction_only,73,1.4738953116951356e-05,2.3348501679720357e-05,2.3348501679720357e-05,0.45123256373405457,2.5218469090759754e-05,0.46174843112627667,2.5218469090759754e-05,0.9690755208333334,1.0,0.658273381294964,0.9095052083333334,0.09049479166666667,2.3348501679720357e-05,0.45096418023109436,2.3348501679720357e-05,0.969,1.0,0.6172839506172839,0.919,0.081
reconstruction_only,74,4.599360727297608e-05,0.00011668750492390246,0.00011668750492390246,0.45737081646919253,0.00012033297389280051,0.4705375035603841,0.00012033297389280051,0.96875,1.0,0.6534296028880866,0.9098307291666666,0.09016927083333333,0.00011668750492390246,0.45793601584434507,0.00011668750492390246,0.967,1.0,0.5925925925925926,0.919,0.081
reconstruction_only,75,0.00014067880692891777,5.656719548278488e-05,5.656719548278488e-05,0.47166234683990477,5.887550772361768e-05,0.4836188554763794,5.887550772361768e-05,0.9684244791666666,1.0,0.6367041198501873,0.9130859375,0.0869140625,5.656719548278488e-05,0.4721564483642578,5.656719548278488e-05,0.969,1.0,0.6172839506172839,0.919,0.081
reconstruction_only,76,3.9343268933104504e-05,8.121658180607482e-05,8.121658180607482e-05,0.47449734044075015,8.226665037606533e-05,0.4848364293575287,8.226665037606533e-05,0.9710286458333334,1.0,0.6576923076923077,0.9153645833333334,0.08463541666666667,8.121658180607482e-05,0.4727470223903656,8.121658180607482e-05,0.969,1.0,0.6172839506172839,0.919,0.081
reconstruction_only,77,5.1256509323138744e-05,2.600726681703236e-05,2.600726681703236e-05,0.4779163708686829,2.741205389611423e-05,0.48868871728579205,2.741205389611423e-05,0.9713541666666666,1.0,0.6653992395437263,0.9143880208333334,0.08561197916666667,2.600726681703236e-05,0.47817143154144287,2.600726681703236e-05,0.969,1.0,0.6172839506172839,0.919,0.081
reconstruction_only,78,3.985386259349374e-05,1.4887696182995568e-05,1.4887696182995568e-05,0.48735941791534426,1.6913806272593018e-05,0.49994800488154095,1.6913806272593018e-05,0.9684244791666666,1.0,0.6407407407407407,0.912109375,0.087890625,1.4887696182995568e-05,0.48640782928466797,1.4887696182995568e-05,0.967,1.0,0.5925925925925926,0.919,0.081
reconstruction_only,79,3.1068419048096985e-05,3.437531678355299e-05,3.437531678355299e-05,0.4986635866165161,3.6451988610982276e-05,0.510026196638743,3.6451988610982276e-05,0.9690755208333334,1.0,0.6468401486988847,0.9124348958333334,0.08756510416666667,3.437531678355299e-05,0.4972478132247925,3.437531678355299e-05,0.968,1.0,0.6049382716049383,0.919,0.081
reconstruction_only,80,2.5050759480412427e-05,3.438258860842325e-05,3.438258860842325e-05,0.5066942367553711,3.596562964958139e-05,0.5176763931910197,3.596562964958139e-05,0.9677734375,1.0,0.6333333333333333,0.912109375,0.087890625,3.438258860842325e-05,0.5077760281562805,3.438258860842325e-05,0.969,1.0,0.6172839506172839,0.919,0.081
reconstruction_only,81,2.582350286199168e-05,1.8624489224748687e-05,1.8624489224748687e-05,0.5029589109420777,1.9959727069362998e-05,0.5129212737083435,1.9959727069362998e-05,0.9729817708333334,1.0,0.6914498141263941,0.9124348958333334,0.08756510416666667,1.8624489224748687e-05,0.5012578148841857,1.8624489224748687e-05,0.969,1.0,0.6172839506172839,0.919,0.081
reconstruction_only,82,2.361837990368561e-05,1.240116223198129e-05,1.240116223198129e-05,0.49391503286361693,1.360207230997427e-05,0.5027115146319071,1.360207230997427e-05,0.9684244791666666,1.0,0.6394052044609665,0.9124348958333334,0.08756510416666667,1.240116223198129e-05,0.4946788549423218,1.240116223198129e-05,0.968,1.0,0.6049382716049383,0.919,0.081
reconstruction_only,83,1.7176506844407413e-05,1.8794344548950904e-05,1.8794344548950904e-05,0.48664538145065306,2.0059937620923545e-05,0.49712040026982623,2.0059937620923545e-05,0.9680989583333334,1.0,0.6329588014981273,0.9130859375,0.0869140625,1.8794344548950904e-05,0.48618514895439147,1.8794344548950904e-05,0.968,1.0,0.6049382716049383,0.919,0.081
reconstruction_only,84,1.5852251029476367e-05,1.5711053769337015e-05,1.5711053769337015e-05,0.4790073163509369,1.7826758266892284e-05,0.4906760851542155,1.7826758266892284e-05,0.9680989583333334,1.0,0.65,0.9088541666666666,0.09114583333333333,1.5711053769337015e-05,0.4796348433494568,1.5711053769337015e-05,0.968,1.0,0.6049382716049383,0.919,0.081
reconstruction_only,85,1.709856102631117e-05,1.096099794813199e-05,1.096099794813199e-05,0.47851143980026245,1.2834237774465388e-05,0.48876182238260907,1.2834237774465388e-05,0.9694010416666666,1.0,0.6618705035971223,0.9095052083333334,0.09049479166666667,1.096099794813199e-05,0.4784439079761505,1.096099794813199e-05,0.968,1.0,0.6049382716049383,0.919,0.081
reconstruction_only,86,1.4171684597386047e-05,1.391301618423313e-05,1.391301618423313e-05,0.4740547595024109,1.476860143156955e-05,0.4867629408836365,1.476860143156955e-05,0.9677734375,1.0,0.6413043478260869,0.91015625,0.08984375,1.391301618423313e-05,0.4744108283519745,1.391301618423313e-05,0.969,1.0,0.6172839506172839,0.919,0.081
reconstruction_only,87,1.3624736917942451e-05,1.2215806265885476e-05,1.2215806265885476e-05,0.4668517663478851,1.2666138900385704e-05,0.48235129316647846,1.2666138900385704e-05,0.97265625,1.0,0.6877323420074349,0.9124348958333334,0.08756510416666667,1.2215806265885476e-05,0.4671494665145874,1.2215806265885476e-05,0.969,1.0,0.6172839506172839,0.919,0.081
reconstruction_only,88,1.4316516474840077e-05,1.0965390363708139e-05,1.0965390363708139e-05,0.46449998903274536,1.2326894951305197e-05,0.4754236936569214,1.2326894951305197e-05,0.9684244791666666,1.0,0.6394052044609665,0.9124348958333334,0.08756510416666667,1.0965390363708139e-05,0.46482126641273497,1.0965390363708139e-05,0.969,1.0,0.6172839506172839,0.919,0.081
reconstruction_only,89,1.2177023866873546e-05,1.2014082836685703e-05,1.2014082836685703e-05,0.46533969283103943,1.3724227452864094e-05,0.47645777463912964,1.3724227452864094e-05,0.9697265625,1.0,0.6450381679389313,0.9147135416666666,0.08528645833333333,1.2014082836685703e-05,0.4646226894855499,1.2014082836685703e-05,0.968,1.0,0.6049382716049383,0.919,0.081
reconstruction_only,90,1.2100822459615301e-05,9.93312734499341e-06,9.93312734499341e-06,0.4735597095489502,1.1713449263576573e-05,0.48030726114908856,1.1713449263576573e-05,0.966796875,1.0,0.6150943396226415,0.9137369791666666,0.08626302083333333,9.93312734499341e-06,0.4727116918563843,9.93312734499341e-06,0.968,1.0,0.6049382716049383,0.919,0.081
reconstruction_only,91,1.1323648626178814e-05,1.0460658289957792e-05,1.0460658289957792e-05,0.4810230038166046,1.2008557556934344e-05,0.49171074231465656,1.2008557556934344e-05,0.9713541666666666,1.0,0.6602316602316602,0.9156901041666666,0.08430989583333333,1.0460658289957792e-05,0.48076841497421263,1.0460658289957792e-05,0.968,1.0,0.6049382716049383,0.919,0.081
reconstruction_only,92,1.1642796986658746e-05,1.031461103411857e-05,1.031461103411857e-05,0.48463980555534364,1.1783768968598451e-05,0.49603355924288434,1.1783768968598451e-05,0.9674479166666666,1.0,0.6363636363636364,0.9104817708333334,0.08951822916666667,1.031461103411857e-05,0.4849787540435791,1.031461103411857e-05,0.969,1.0,0.6172839506172839,0.919,0.081
reconstruction_only,93,1.244756216086292e-05,1.1748792872822378e-05,1.1748792872822378e-05,0.49162448215484617,1.2462006755716478e-05,0.5009020368258158,1.2462006755716478e-05,0.9700520833333334,1.0,0.663003663003663,0.9111328125,0.0888671875,1.1748792872822378e-05,0.4918973426818848,1.1748792872822378e-05,0.969,1.0,0.6172839506172839,0.919,0.081
reconstruction_only,94,1.2952948964084499e-05,1.3411501320661046e-05,1.3411501320661046e-05,0.4981771221160889,1.4289508726506028e-05,0.507559577624003,1.4289508726506028e-05,0.9694010416666666,1.0,0.6618705035971223,0.9095052083333334,0.09049479166666667,1.3411501320661046e-05,0.49751634311676024,1.3411501320661046e-05,0.969,1.0,0.6172839506172839,0.919,0.081
reconstruction_only,95,1.3239815719619704e-05,1.17436413638643e-05,1.17436413638643e-05,0.5027076086997986,1.3190794864688845e-05,0.5105177561442057,1.3190794864688845e-05,0.96875,1.0,0.6431226765799256,0.9124348958333334,0.08756510416666667,1.17436413638643e-05,0.5012009620666504,1.17436413638643e-05,0.969,1.0,0.6172839506172839,0.919,0.081
reconstruction_only,96,1.2760999500945521e-05,1.334728836081922e-05,1.334728836081922e-05,0.506416443824768,1.4252508663048502e-05,0.5180808305740356,1.4252508663048502e-05,0.9690755208333334,1.0,0.658273381294964,0.9095052083333334,0.09049479166666667,1.334728836081922e-05,0.5078908777236939,1.334728836081922e-05,0.97,1.0,0.6296296296296297,0.919,0.081
reconstruction_only,97,1.438997939355128e-05,1.5728458689409306e-05,1.5728458689409306e-05,0.507938693523407,1.6609510566922836e-05,0.5198796590169271,1.6609510566922836e-05,0.966796875,1.0,0.6370106761565836,0.9085286458333334,0.09147135416666667,1.5728458689409306e-05,0.5086621379852295,1.5728458689409306e-05,0.969,1.0,0.6172839506172839,0.919,0.081
reconstruction_only,98,1.6704788625550766e-05,1.4501720535918139e-05,1.4501720535918139e-05,0.5097485599517823,1.5163402470837658e-05,0.5190437436103821,1.5163402470837658e-05,0.9710286458333334,1.0,0.677536231884058,0.91015625,0.08984375,1.4501720535918139e-05,0.510670729637146,1.4501720535918139e-05,0.969,1.0,0.6172839506172839,0.919,0.081
reconstruction_only,99,1.4718110226870825e-05,1.2862831208622083e-05,1.2862831208622083e-05,0.5110702486038208,1.3785452514033144e-05,0.5208447575569153,1.3785452514033144e-05,0.9700520833333334,1.0,0.6475095785440613,0.9150390625,0.0849609375,1.2862831208622083e-05,0.5108316249847412,1.2862831208622083e-05,0.969,1.0,0.6172839506172839,0.919,0.081
reconstruction_only,100,1.313363524483672e-05,1.3565854671469424e-05,1.3565854671469424e-05,0.5206076860427856,1.4590894049130535e-05,0.5276683370272318,1.4590894049130535e-05,0.9713541666666666,1.0,0.6615384615384615,0.9153645833333334,0.08463541666666667,1.3565854671469424e-05,0.5206900391578674,1.3565854671469424e-05,0.969,1.0,0.6172839506172839,0.919,0.081
