epoch,train_loss,val_loss,val_recon_raw,val_divergence_raw,train_div (enc-only),val_divergence (enc-only),train_recon,train_divergence,train_total_loss,train_safety_acc,train_safety_y1_acc,train_safety_y0_acc,train_frac_y1,train_frac_y0,val_recon,val_divergence,val_total_loss,val_safety_acc,val_safety_y1_acc,val_safety_y0_acc,val_frac_y1,val_frac_y0
1,0.26167238876223564,0.09554627908945083,0.09512682205438613,0.04194570350646973,0.11275574990681239,0.037046306610107424,0.09651202389172145,0.0453458343233381,0.09696548223495483,0.8363560267857143,0.8220570388349514,1.0,0.9196428571428571,0.08035714285714286,0.09512682205438613,0.041901679039001466,0.09554583884477615,0.833,0.8193618171984857,1.0,0.9245,0.0755
2,0.03657018180404391,0.007316881708800793,0.005922232441604137,0.13946492671966554,0.029583607401166643,0.01162227439880371,0.00641332713088819,0.13524317741394043,0.007765758905027594,0.9340122767857143,1.0,0.195578231292517,0.91796875,0.08203125,0.005922232441604137,0.13955158042907714,0.007317748245894909,0.934,1.0,0.12582781456953643,0.9245,0.0755
3,0.012879532628825732,0.011462940507531166,0.010864588752388955,0.05983517551422119,0.013639160564967565,0.0005873317718505859,0.011111731507948466,0.059872405869620185,0.011710455566644669,0.9867466517857143,0.9887452471482889,0.9645868465430016,0.9172712053571429,0.08272879464285714,0.010864588752388955,0.059809982299804686,0.011462688575387,0.9845,0.9881016765819362,0.9403973509933775,0.9245,0.0755
4,0.007120305406195777,0.002012725913450122,0.00170170889608562,0.031101701736450195,0.0024294512612479074,0.0029765205383300783,0.0018031268679936016,0.032994679042271206,0.0021330736584163137,0.9607979910714286,0.999241964827168,0.5174825174825175,0.9202008928571429,0.07979910714285714,0.00170170889608562,0.031116890907287597,0.002012877805158496,0.96,0.9994591671173607,0.4768211920529801,0.9245,0.0755
5,0.003337253334133753,0.0012443396820873023,0.0011578284706920386,0.008651121139526367,0.0032906532287597656,0.00022915935516357422,0.001208418547841055,0.00824333940233503,0.0012908519418644052,0.9733537946428571,0.9978807145019679,0.6850533807829181,0.9215959821428571,0.07840401785714286,0.0011578284706920386,0.008645709991455077,0.0012442855706065892,0.973,0.997836668469443,0.6688741721854304,0.9245,0.0755
6,0.001783651815328215,0.0006820179468207061,0.0006750353532843291,0.0006982593536376953,0.0006878205708095006,-0.00023085784912109375,0.0007099763190905963,0.0006775174822126116,0.0007167514939127224,0.9729352678571429,0.9981782298466677,0.6867469879518072,0.9189453125,0.0810546875,0.0006750353532843291,0.0006883058547973633,0.0006819184118323027,0.973,0.9983775013520823,0.6622516556291391,0.9245,0.0755
7,0.0008471910176532609,0.0003088406527321786,0.0003115004885476083,-0.00026598358154296875,0.0009080001286097936,0.0004145660400390625,0.00034716075918238076,-0.00016129016876220703,0.00034554785749475866,0.9655412946428571,0.9987887963663891,0.5754884547069272,0.9214564732142857,0.07854352678571429,0.0003115004885476083,-0.00026684951782226564,0.00030883199336938563,0.964,0.9989183342347214,0.5364238410596026,0.9245,0.0755
8,0.0005143238938347038,0.0004268787397444248,0.00042284101620316503,0.0004037723541259766,0.0008615936551775251,-0.0007167997360229492,0.00045707869243675044,0.0004193953105381557,0.000461272645542132,0.9741908482142857,0.9983315637797664,0.697391304347826,0.9197823660714286,0.08021763392857142,0.00042284101620316503,0.0003994016647338867,0.0004268350328505039,0.973,0.9983775013520823,0.6622516556291391,0.9245,0.0755
9,0.00035016094417577345,0.00023564053468406201,0.00023985150270164013,-0.0004210968017578125,0.0004223074231828962,0.00018766117095947264,0.00026146352008384256,-0.00015732220241001675,0.0002598902980597424,0.96484375,0.9987849331713244,0.5821917808219178,0.9185267857142857,0.08147321428571429,0.00023985150270164013,-0.0004235420227050781,0.00023561608247458935,0.9645,0.9989183342347214,0.543046357615894,0.9245,0.0755
10,0.0002552604627063764,0.00021336814378853888,0.00021783159708138556,-0.00044634532928466796,0.00045127528054373603,-0.0008477020263671875,0.00023966823937371373,-0.00022140571049281528,0.00023745418226878558,0.9714006696428571,0.9981820936221785,0.6596119929453262,0.9208984375,0.0791015625,0.00021783159708138556,-0.00045193195343017577,0.0002133122775470838,0.971,0.9983775013520823,0.6357615894039735,0.9245,0.0755
11,0.0002137649114177163,0.00013508153126342223,0.00013739379093749449,-0.00023122596740722656,0.00024809156145368306,-0.0003928432464599609,0.00015147736121434718,4.982948303222656e-05,0.00015197565604466946,0.9669363839285714,0.9984813971146546,0.6106346483704974,0.9186662946428571,0.08133370535714286,0.00013739379093749449,-0.0002245626449584961,0.00013514816448790951,0.967,0.9989183342347214,0.5761589403973509,0.9245,0.0755
12,0.000159559295363059,0.00011192113566212356,0.0001161476771812886,-0.0004226541519165039,0.0006183215550013951,-0.0006142778396606445,0.00012864542493064488,-0.0002710648945399693,0.00012593477598524518,0.9688895089285714,0.998483929654336,0.6276223776223776,0.9202008928571429,0.07979910714285714,0.0001161476771812886,-0.0004202280044555664,0.00011194539713673294,0.968,0.9989183342347214,0.5894039735099338,0.9245,0.0755
13,0.00013407670277436928,8.924673039233311e-05,9.266674000537022e-05,-0.0003420009613037109,0.0003284726824079241,-0.0004377031326293945,0.00010342719906475395,-0.00036152771541050503,9.981192191064889e-05,0.9673549107142857,0.9987875113670809,0.6035087719298246,0.9204799107142857,0.07952008928571429,9.266674000537022e-05,-0.0003433847427368164,8.923289257800206e-05,0.9675,0.9989183342347214,0.5827814569536424,0.9245,0.0755
14,0.00011979655703596239,7.981665087863802e-05,8.320224238559603e-05,-0.0003385591506958008,-1.6570091247558594e-05,-0.0009605255126953125,9.662089204149587e-05,-0.00011759144919259208,9.544497754956994e-05,0.9669363839285714,0.9984834698210494,0.6045296167247387,0.919921875,0.080078125,8.320224238559603e-05,-0.0003311777114868164,7.989046527072787e-05,0.9675,0.9989183342347214,0.5827814569536424,0.9245,0.0755
15,0.00010399820166639984,6.965068906894884e-05,7.428752988926135e-05,-0.00046368408203125,0.0009879214423043387,-0.0009809885025024415,8.589196763101167e-05,-0.0003331899642944336,8.256006798806733e-05,0.9673549107142857,0.9987856709168185,0.6103448275862069,0.9190848214285714,0.08091517857142858,7.428752988926135e-05,-0.000458033561706543,6.970719427219592e-05,0.967,0.9989183342347214,0.5761589403973509,0.9245,0.0755
16,9.88688157771581e-05,6.473775807535275e-05,6.894417706644162e-05,-0.0004206418991088867,0.002522962433951242,-0.0004077548980712891,7.969194432787065e-05,-0.0003861018589564732,7.583092573830593e-05,0.9663783482142857,0.9986320109439124,0.6061120543293718,0.9178292410714286,0.08217075892857142,6.894417706644162e-05,-0.00042914485931396483,6.465272847330198e-05,0.967,0.9989183342347214,0.5761589403973509,0.9245,0.0755
17,9.174674050882459e-05,5.791987346834503e-05,6.286013530916534e-05,-0.0004940261840820313,0.0020259618759155273,-0.0009707632064819336,7.146199953110357e-05,-0.00041610854012625556,6.7300914129841e-05,0.9669363839285714,0.998787695105319,0.5975395430579965,0.9206194196428571,0.07938058035714286,6.286013530916534e-05,-0.0004973173141479492,5.7886962167685845e-05,0.966,0.9989183342347214,0.5629139072847682,0.9245,0.0755
18,8.78846736408637e-05,5.6553533488186074e-05,6.049856942263432e-05,-0.0003945035934448242,0.0006086826324462891,-0.0009000711441040039,7.067213144702171e-05,-0.00034540040152413506,6.721812743178036e-05,0.9672154017857143,0.9987841945288753,0.6139455782312925,0.91796875,0.08203125,6.049856942263432e-05,-0.00038254547119140624,5.6673114710720256e-05,0.967,0.9989183342347214,0.5761589403973509,0.9245,0.0755
19,8.538579900882073e-05,5.058993559679948e-05,5.426981192431413e-05,-0.00036798763275146484,0.0011136531829833984,-0.0008801765441894531,6.355592060052524e-05,-0.00020635128021240234,6.149240779840122e-05,0.9669363839285714,0.9986345015930814,0.6048526863084922,0.9195033482142857,0.08049665178571429,5.426981192431413e-05,-0.00036981868743896486,5.057162504992448e-05,0.9655,0.9989183342347214,0.5562913907284768,0.9245,0.0755
20,7.232766854160997e-05,4.575577129144222e-05,5.0626138341613114e-05,-0.00048703670501708984,0.0006366797855922154,-0.0009767475128173828,5.7208474442761925e-05,-0.00010730539049421038,5.613542053781982e-05,0.9669363839285714,0.9984848484848485,0.6003521126760564,0.9207589285714286,0.07924107142857142,5.0626138341613114e-05,-0.00048557186126708984,4.577041972894221e-05,0.9655,0.9989183342347214,0.5562913907284768,0.9245,0.0755
21,7.17572246295666e-05,4.3230503377271816e-05,4.7751234349561855e-05,-0.0004520730972290039,0.00045362540653773716,0.0013893527984619142,5.550400965148583e-05,-0.00026147706168038506,5.288923903468198e-05,0.9654017857142857,0.9984793187347932,0.597972972972973,0.9174107142857143,0.08258928571428571,4.7751234349561855e-05,-0.0004546175003051758,4.32050593465101e-05,0.9655,0.9989183342347214,0.5562913907284768,0.9245,0.0755
22,6.33216264499684e-05,4.079894237453118e-05,4.472973995143548e-05,-0.00039307975769042967,0.0012635503496442521,0.0058004150390625,5.136753056181728e-05,-0.0003274679183959961,4.809285137785732e-05,0.9663783482142857,0.9990892531876139,0.5948275862068966,0.9190848214285714,0.08091517857142858,4.472973995143548e-05,-0.0003863420486450195,4.086631946498528e-05,0.9655,0.9989183342347214,0.5562913907284768,0.9245,0.0755
23,5.773340516108354e-05,3.585552021861076e-05,4.184095188975334e-05,-0.0005985431671142579,0.003528322492327009,0.005316457748413086,4.8948161358047014e-05,-0.00026157924107142856,4.633236894733273e-05,0.9665178571428571,0.9984832397997877,0.6,0.9197823660714286,0.08021763392857142,4.184095188975334e-05,-0.0006044473648071289,3.579647824168205e-05,0.9655,0.9989183342347214,0.5562913907284768,0.9245,0.0755
24,5.5852542053409184e-05,3.545104807650205e-05,3.9348037898889746e-05,-0.00038969898223876955,0.003994873591831752,0.0006196012496948242,4.5973855386754235e-05,-0.00022499901907784597,4.372386519597578e-05,0.9666573660714286,0.9986369831894594,0.5929203539823009,0.9211774553571429,0.07882254464285714,3.9348037898889746e-05,-0.00038640499114990235,3.5483987987390724e-05,0.965,0.9989183342347214,0.5496688741721855,0.9245,0.0755
25,5.016081143237118e-05,3.221308101725299e-05,3.827300418925006e-05,-0.000605992317199707,0.003294706344604492,-0.000777409553527832,4.39286652960748e-05,-0.00026043823787144253,4.1324282917360376e-05,0.9674944196428571,0.9987880624147857,0.6031746031746031,0.9208984375,0.0791015625,3.827300418925006e-05,-0.0006061830520629883,3.2211173668620175e-05,0.965,0.9989183342347214,0.5496688741721855,0.9245,0.0755
26,4.458385696385189e-05,2.9530082478886473e-05,3.531605316675268e-05,-0.0005785970687866211,0.0015287739889962332,0.0030930662155151368,4.043313310830854e-05,-0.0001056534903390067,3.937659820491847e-05,0.9662388392857143,0.9989376233115799,0.5941278065630398,0.9192243303571429,0.08077566964285714,3.531605316675268e-05,-0.0005799684524536132,2.9516368642216552e-05,0.965,0.9989183342347214,0.5496688741721855,0.9245,0.0755
27,4.23875982440742e-05,2.7046607127995232e-05,3.330498038849328e-05,-0.0006258373260498047,0.000804696764264788,-0.0006956520080566406,3.816217421055106e-05,-0.00030607836587088447,3.510139055184222e-05,0.9680524553571429,0.9989398758140239,0.6070796460176991,0.9211774553571429,0.07882254464285714,3.330498038849328e-05,-0.0006238899230957032,2.706608115753625e-05,0.965,0.9989183342347214,0.5496688741721855,0.9245,0.0755
28,4.284641441440077e-05,2.7671054956736048e-05,3.208774959784933e-05,-0.00044166946411132815,0.0012805121285574777,-0.0005176010131835938,3.6913879219875e-05,-0.0002619879586356027,3.429399963351898e-05,0.9656808035714286,0.9987864077669902,0.5868055555555556,0.9196428571428571,0.08035714285714286,3.208774959784933e-05,-0.00044193363189697267,2.76684132788796e-05,0.965,0.9989183342347214,0.5496688741721855,0.9245,0.0755
29,4.170724787400104e-05,3.626145971356891e-05,4.2252966290107e-05,-0.0005991506576538086,0.0012614216123308455,0.0016659765243530274,4.696122414316051e-05,-0.0004229204995291574,4.2732019147868936e-05,0.9662388392857143,0.9987862236382946,0.5944540727902946,0.9195033482142857,0.08049665178571429,4.2252966290107e-05,-0.000600214958190918,3.625081670819782e-05,0.965,0.9989183342347214,0.5496688741721855,0.9245,0.0755
30,4.708011484971004e-05,3.727076518349349e-05,4.364573466591537e-05,-0.0006374969482421876,0.00032140527452741353,-0.0005096187591552735,4.787665394750158e-05,-0.00036023344312395366,4.4274319516262044e-05,0.9660993303571429,0.9987851176917236,0.5969125214408233,0.9186662946428571,0.08133370535714286,4.364573466591537e-05,-0.0006375961303710937,3.7269773362204434e-05,0.965,0.9989183342347214,0.5496688741721855,0.9245,0.0755
31,4.512497720757632e-05,2.6732534567709076e-05,3.2190059821004976e-05,-0.0005457525253295899,0.0003761563982282366,2.088642120361328e-05,3.5767224679667766e-05,-0.0003101825714111328,3.266539896555644e-05,0.9659598214285714,0.9989389116264968,0.5849387040280211,0.9203404017857143,0.07965959821428571,3.2190059821004976e-05,-0.0005379714965820313,2.6810344855184664e-05,0.965,0.9989183342347214,0.5496688741721855,0.9245,0.0755
32,4.4018438659674886e-05,2.3054556441493332e-05,2.838665444869548e-05,-0.0005332098007202148,0.0008204834801810128,0.003138585090637207,3.3103986684831656e-05,-0.0002445834023611886,3.065815266121977e-05,0.9652622767857143,0.9986334649255998,0.5876288659793815,0.9188058035714286,0.08119419642857142,2.838665444869548e-05,-0.0005335359573364258,2.3051294875331225e-05,0.965,0.9989183342347214,0.5496688741721855,0.9245,0.0755
33,4.11075738416652e-05,7.251401210203766e-05,7.89788463152945e-05,-0.0006464834213256835,0.001343778201511928,-0.0006295280456542968,8.485377890922661e-05,-0.00034468514578683037,8.14069274513583e-05,0.9672154017857143,0.9986334649255998,0.6116838487972509,0.9188058035714286,0.08119419642857142,7.89788463152945e-05,-0.0006420278549194336,7.255856776610016e-05,0.9645,0.9983775013520823,0.5496688741721855,0.9245,0.0755
34,0.00012056121756488989,9.55799561063759e-05,9.932643704814837e-05,-0.0003746480941772461,0.0007803099496023995,0.0005210475921630859,0.0001018472685245797,0.0001028094972882952,0.00010287536349746266,0.9666573660714286,0.9990895295902883,0.596885813148789,0.9193638392857143,0.08063616071428571,9.932643704814837e-05,-0.00038066768646240234,9.551976018352434e-05,0.965,0.9989183342347214,0.5496688741721855,0.9245,0.0755
35,5.9499098694816765e-05,7.532985498663039e-05,8.157906343694777e-05,-0.0006249208450317383,-2.559593745640346e-05,-0.0007986354827880859,8.363508511268134e-05,-0.00015015261513846262,8.213355896129672e-05,0.9644252232142857,0.998786959818044,0.568935427574171,0.9200613839285714,0.07993861607142858,8.157906343694777e-05,-0.0006290750503540039,7.528831293340773e-05,0.965,0.9989183342347214,0.5496688741721855,0.9245,0.0755
36,0.0001398072750557081,4.078954440541565e-05,4.377937060780823e-05,-0.0002989826202392578,-0.00031825474330357144,-0.0010065793991088866,4.8367877233041714e-05,-0.00016261850084577288,4.674169222458399e-05,0.9670758928571429,0.9987862236382946,0.6048526863084922,0.9195033482142857,0.08049665178571429,4.377937060780823e-05,-0.00029451465606689456,4.083422404713929e-05,0.9645,0.9983775013520823,0.5496688741721855,0.9245,0.0755
37,0.00016700372309839752,0.000318372123837471,0.00032464106380939486,-0.0006268939971923828,-0.00018075534275599888,0.00032247352600097654,0.0003331050601056112,-0.0002172504152570452,0.00033093255595304075,0.9694475446428571,0.9981787828198513,0.6424870466321243,0.9192243303571429,0.08077566964285714,0.00032464106380939486,-0.0006352548599243165,0.0003182885152101517,0.968,0.9983775013520823,0.5960264900662252,0.9245,0.0755
38,0.00018527049490200755,0.00017719528826419263,0.00018203103693667798,-0.00048357486724853515,0.00034815924508231025,0.00010505199432373047,0.00018866842271693583,-0.00011319773537772042,0.00018753644536315863,0.9676339285714286,0.9986336723850008,0.6161790017211703,0.9189453125,0.0810546875,0.00018203103693667798,-0.00048401737213134765,0.0001771908632153645,0.9645,0.9983775013520823,0.5496688741721855,0.9245,0.0755
39,0.00012611428974196315,6.450140126980842e-05,6.930029042996467e-05,-0.000479888916015625,0.00031735215868268697,-1.6355514526367188e-06,7.38585097548951e-05,0.00015088490077427456,7.536735876263784e-05,0.96484375,0.9987845639623215,0.5836177474402731,0.9182477678571429,0.08175223214285714,6.930029042996467e-05,-0.000480010986328125,6.450018056668341e-05,0.965,0.9989183342347214,0.5496688741721855,0.9245,0.0755
40,5.02160767479966e-05,1.975237139617093e-05,2.5489924038993196e-05,-0.0005737552642822265,9.553773062569754e-06,-0.000656057357788086,2.8677955664794092e-05,-0.00016411713191441128,2.703678434564998e-05,0.9665178571428571,0.9992416198998938,0.591304347826087,0.9197823660714286,0.08021763392857142,2.5489924038993196e-05,-0.0005717926025390625,1.977199801360257e-05,0.965,0.9989183342347214,0.5496688741721855,0.9245,0.0755
41,5.431282703024668e-05,2.1310977066750638e-05,2.69546690833522e-05,-0.0005643692016601562,0.0008217436926705497,-0.0003668317794799805,3.106542836966193e-05,-0.0001909562519618443,2.9155865850043486e-05,0.966796875,0.9986336723850008,0.6058519793459552,0.9189453125,0.0810546875,2.69546690833522e-05,-0.0005686511993408203,2.1268157089943996e-05,0.965,0.9989183342347214,0.5496688741721855,0.9245,0.0755
42,4.445029792675216e-05,2.0370456169475803e-05,2.5333672951092013e-05,-0.0004963216781616211,-8.6801392691476e-05,-0.0002815885543823242,2.9224539113264264e-05,1.5156609671456472e-06,2.923969572293572e-05,0.9659598214285714,0.9989366550205073,0.5948717948717949,0.9183872767857143,0.08161272321428571,2.5333672951092013e-05,-0.0004946622848510742,2.038705010258127e-05,0.965,0.9989183342347214,0.5496688741721855,0.9245,0.0755
43,4.676747422698619e-05,3.579481806955301e-05,4.215406146249734e-05,-0.0006359243392944336,8.872577122279576e-05,-0.0007881937026977539,4.603796644784909e-05,-0.00028433118547712056,4.319465459307788e-05,0.9665178571428571,0.9986332574031891,0.6037735849056604,0.9186662946428571,0.08133370535714286,4.215406146249734e-05,-0.0006381635665893555,3.577242579660378e-05,0.965,0.9989183342347214,0.5496688741721855,0.9245,0.0755
44,3.712028670374171e-05,4.434973164810799e-05,5.0358747685095296e-05,-0.0006009016036987305,0.00027699129922049385,-0.00022419357299804688,5.4542874360257497e-05,-0.00031510421207972934,5.1391832239460204e-05,0.9652622767857143,0.9986336723850008,0.5869191049913941,0.9189453125,0.0810546875,5.0358747685095296e-05,-0.0006038885116577148,4.4319862568518145e-05,0.965,0.9989183342347214,0.5496688741721855,0.9245,0.0755
45,9.730523535316544e-05,0.00010696930620353669,0.00011098101350944489,-0.00040117073059082033,-0.00016057491302490234,-0.0006852703094482422,0.0001137271974585019,-0.00018795898982456753,0.00011184760756025623,0.9662388392857143,0.9990889766170665,0.5945017182130584,0.9188058035714286,0.08119419642857142,0.00011098101350944489,-0.00040105724334716796,0.00010697044107597322,0.965,0.9989183342347214,0.5496688741721855,0.9245,0.0755
46,8.763441707872386e-05,3.776543601998128e-05,4.3683700409019366e-05,-0.0005918264389038086,0.001425300325666155,0.0004476356506347656,4.818928261686649e-05,9.417533874511719e-06,4.828345795561161e-05,0.9677734375,0.9986367767343229,0.607773851590106,0.9210379464285714,0.07896205357142858,4.3683700409019366e-05,-0.0005951557159423828,3.773214324959554e-05,0.9645,0.9983775013520823,0.5496688741721855,0.9245,0.0755
47,4.039671746016081e-05,2.4190139751299285e-05,3.0262107829912567e-05,-0.0006071968078613281,0.0016600745064871652,0.0035155200958251953,3.33272702326732e-05,-0.0001481771469116211,3.184549876355699e-05,0.9665178571428571,0.9989361702127659,0.6037414965986394,0.91796875,0.08203125,3.0262107829912567e-05,-0.0006088151931762695,2.417395589814987e-05,0.965,0.9989183342347214,0.5496688741721855,0.9245,0.0755
48,3.597806192244336e-05,2.3837700834264976e-05,2.381770228384994e-05,1.9998550415039062e-06,0.0022695064544677734,-0.000318842887878418,2.721192530381294e-05,0.0002593994140625,2.9805919444437937e-05,0.9663783482142857,0.9987851176917236,0.6003430531732419,0.9186662946428571,0.08133370535714286,2.381770228384994e-05,9.151458740234375e-06,2.3909216871252284e-05,0.965,0.9989183342347214,0.5496688741721855,0.9245,0.0755
49,0.00011571386598266795,0.0007930098602920771,0.0007993170712143183,-0.0006307210922241211,0.0005839381899152483,-0.000541107177734375,0.0008050474737371717,-0.00015051024300711497,0.0008035423713071006,0.96875,0.9984832397997877,0.6278260869565218,0.9197823660714286,0.08021763392857142,0.0007993170712143183,-0.0006254167556762696,0.0007930629036575557,0.9685,0.9983775013520823,0.6026490066225165,0.9245,0.0755
50,0.001956439843135221,0.0019889286018908024,0.0019101870991289616,0.007874150276184082,0.00066462584904262,0.00033483409881591796,0.001927509271938886,0.006802030972072056,0.0019955295816596066,0.9718191964285714,0.9986367767343229,0.6590106007067138,0.9210379464285714,0.07896205357142858,0.0019101870991289616,0.007862541198730469,0.0019888125111162665,0.969,0.997836668469443,0.6158940397350994,0.9245,0.0755
51,0.0007494600660200896,8.70191809698008e-05,7.896698446711525e-05,0.0008052196502685546,0.0004443952015468052,-0.0006891069412231445,8.756694504492251e-05,0.001717618533543178,0.00010474313038035428,0.9691685267857143,0.9983310575026552,0.6360485268630849,0.9195033482142857,0.08049665178571429,7.896698446711525e-05,0.0008172721862792969,8.713970632990822e-05,0.9685,0.9983775013520823,0.6026490066225165,0.9245,0.0755
52,0.0002775931591583815,5.421365460264496e-05,5.5234238709090275e-05,-0.00010205841064453126,0.0002510717936924526,-0.000884678840637207,6.374302600826403e-05,0.0002171312059674944,6.591433806793897e-05,0.9688895089285714,0.9984846188816487,0.6256590509666081,0.9206194196428571,0.07938058035714286,5.5234238709090275e-05,-0.00010853385925292969,5.4148900116560976e-05,0.9675,0.9983775013520823,0.5894039735099338,0.9245,0.0755
53,0.00015396526993884305,7.12327937525697e-05,7.665784639539197e-05,-0.0005425052642822265,-0.00011534350258963448,-0.00017265987396240234,8.211484444992883e-05,-4.94037355695452e-05,8.162080709423337e-05,0.9672154017857143,0.9986380145278451,0.5964285714285714,0.921875,0.078125,7.665784639539197e-05,-0.0005428342819213867,7.12295035761781e-05,0.9645,0.9983775013520823,0.5496688741721855,0.9245,0.0755
54,0.00010136997973729325,7.21095479116775e-05,7.761242991546168e-05,-0.000550288200378418,0.00045491967882428853,-0.0003250665664672852,8.392143770054515e-05,-0.00015403543199811663,8.238108338056398e-05,0.9677734375,0.9987871437234688,0.6101398601398601,0.9202008928571429,0.07979910714285714,7.761242991546168e-05,-0.0005525074005126953,7.208735591033474e-05,0.9645,0.9983775013520823,0.5496688741721855,0.9245,0.0755
55,7.16160554605137e-05,5.780856379540636e-05,6.128939875634386e-05,-0.00034808349609375,0.00023734569549560547,-0.0006961326599121094,6.6943572164746e-05,-6.0439109802246094e-05,6.633918106672353e-05,0.9677734375,0.998787695105319,0.6080843585237259,0.9206194196428571,0.07938058035714286,6.128939875634386e-05,-0.0003484373092651367,5.78050256636925e-05,0.9645,0.9983775013520823,0.5496688741721855,0.9245,0.0755
56,5.786211217387712e-05,3.742048015818e-05,4.367789020761847e-05,-0.0006257410049438476,0.00040786606924874444,-0.0009179964065551758,4.9456744039032075e-05,-0.00012493133544921875,4.8207430684539885e-05,0.966796875,0.9984813971146546,0.6089193825042881,0.9186662946428571,0.08133370535714286,4.367789020761847e-05,-0.0006252098083496094,3.742579212412238e-05,0.9645,0.9983775013520823,0.5496688741721855,0.9245,0.0755
57,4.8800127063129495e-05,2.6464072749949988e-05,3.2509528682567176e-05,-0.0006045455932617188,0.0005846875054495675,-0.0006216650009155274,3.717624505432988e-05,-0.00012135505676269531,3.5962694486702927e-05,0.9655412946428571,0.9984802431610942,0.5969387755102041,0.91796875,0.08203125,3.2509528682567176e-05,-0.0006079053878784179,2.6430474803782997e-05,0.965,0.9989183342347214,0.5496688741721855,0.9245,0.0755
58,3.962931805290282e-05,2.3169937350321563e-05,2.852527640061453e-05,-0.0005355339050292969,4.260880606515067e-05,-0.0002799978256225586,3.337313605048361e-05,8.933884756905692e-05,3.426652452617418e-05,0.9658203125,0.9987849331713244,0.5941780821917808,0.9185267857142857,0.08147321428571429,2.852527640061453e-05,-0.000535893440246582,2.3166341998148708e-05,0.965,0.9989183342347214,0.5496688741721855,0.9245,0.0755
59,3.70315631568831e-05,1.8425788939930496e-05,2.4720850051380692e-05,-0.0006295061111450196,0.000943234988621303,0.00033321762084960937,2.8468069233765292e-05,-0.00017445428030831472,2.6723526430682146e-05,0.9663783482142857,0.9995447647951442,0.5882352941176471,0.9193638392857143,0.08063616071428571,2.4720850051380692e-05,-0.0006290988922119141,1.8429861129261552e-05,0.965,0.9989183342347214,0.5496688741721855,0.9245,0.0755
60,3.34713445876592e-05,1.6470680220518262e-05,2.2810859663877637e-05,-0.0006340179443359375,-0.00012530599321637834,-0.0008738870620727539,2.7106317897310612e-05,-1.0337148393903459e-05,2.7002946413371578e-05,0.966796875,0.9987875113670809,0.5964912280701754,0.9204799107142857,0.07952008928571429,2.2810859663877637e-05,-0.0006387443542480469,1.642341612139717e-05,0.965,0.9989183342347214,0.5496688741721855,0.9245,0.0755
61,3.3577314752619714e-05,1.5478985059307886e-05,2.1408807981060817e-05,-0.000592982292175293,-0.00041275365012032647,-0.0008974332809448243,2.4684881282155402e-05,-0.00012728146144321987,2.3412066667723204e-05,0.9658203125,0.9989382678598514,0.5860869565217391,0.9197823660714286,0.08021763392857142,2.1408807981060817e-05,-0.0005948629379272461,1.5460178601788355e-05,0.965,0.9989183342347214,0.5496688741721855,0.9245,0.0755
62,3.250169200847657e-05,1.6980942111695186e-05,2.2898109775269404e-05,-0.0005917167663574219,-0.0003904104232788086,-0.0008610458374023437,2.6795308388370487e-05,-4.2183058602469305e-05,2.6373477802345794e-05,0.9665178571428571,0.9992401215805471,0.6003401360544217,0.91796875,0.08203125,2.2898109775269404e-05,-0.0005958662033081055,1.693944774218835e-05,0.965,0.9989183342347214,0.5496688741721855,0.9245,0.0755
63,2.9250375778896603e-05,1.6568004963919522e-05,2.127831685356796e-05,-0.00047103118896484373,-0.00020822456904820034,-0.0006779050827026368,2.4904585318706397e-05,2.597059522356306e-05,2.5164291270942026e-05,0.9654017857142857,0.9987843792736666,0.5911413969335605,0.9181082589285714,0.08189174107142858,2.127831685356796e-05,-0.0004706697463989258,1.65716193895787e-05,0.965,0.9989183342347214,0.5496688741721855,0.9245,0.0755
64,2.9031554471917582e-05,1.5022029584506524e-05,2.0641355222323908e-05,-0.0005619325637817383,-0.0003185953412737165,-0.0007513179779052734,2.4478576441262184e-05,9.591238839285714e-05,2.5437700325190757e-05,0.9658203125,0.998935684962749,0.5972927241962775,0.9175502232142857,0.08244977678571429,2.0641355222323908e-05,-0.0005633935928344726,1.5007419293979181e-05,0.965,0.9989183342347214,0.5496688741721855,0.9245,0.0755
65,3.0267263095343617e-05,1.3391354244959075e-05,2.008281008602353e-05,-0.0006691455841064453,0.00019405569349016462,-0.0002449016571044922,2.384880229198773e-05,0.0001289503914969308,2.513830620695704e-05,0.9665178571428571,0.9987867758568395,0.5958188153310104,0.919921875,0.080078125,2.008281008602353e-05,-0.0006713628768920899,1.3369181317102629e-05,0.965,0.9989183342347214,0.5496688741721855,0.9245,0.0755
66,2.7575318589307634e-05,1.5231303675100207e-05,2.0318717462942004e-05,-0.0005087413787841796,5.20603997366769e-05,-0.0007287578582763672,2.355179510362047e-05,-2.0452908107212613e-05,2.3347266022548345e-05,0.9665178571428571,0.9987856709168185,0.6,0.9190848214285714,0.08091517857142858,2.0318717462942004e-05,-0.0005105028152465821,1.5213689310476183e-05,0.965,0.9989183342347214,0.5496688741721855,0.9245,0.0755
67,2.714373009179586e-05,1.4873928169254213e-05,1.865305338287726e-05,-0.00037791252136230467,-0.00018480845860072544,-0.0005877180099487305,2.2122420497388312e-05,-7.111685616629464e-05,2.1411251935725366e-05,0.9652622767857143,0.9989368165249088,0.5856164383561644,0.9185267857142857,0.08147321428571429,1.865305338287726e-05,-0.0003755779266357422,1.4897274116519837e-05,0.965,0.9989183342347214,0.5496688741721855,0.9245,0.0755
68,2.7839651271019e-05,1.3881848464661744e-05,1.8910649429017213e-05,-0.0005028800964355469,0.0006831032889229911,0.0031434440612792968,2.165462943334465e-05,-2.208777836390904e-05,2.143375164970556e-05,0.9641462053571429,0.9989355231143552,0.5777027027027027,0.9174107142857143,0.08258928571428571,1.8910649429017213e-05,-0.0004990520477294922,1.3920128951722292e-05,0.965,0.9989183342347214,0.5496688741721855,0.9245,0.0755
69,2.568877867556044e-05,1.651812068041181e-05,1.9220957670768257e-05,-0.00027028369903564454,0.0015696798052106584,-0.000938328742980957,2.2553812803900136e-05,8.693763187953405e-05,2.3423189122695476e-05,0.9658203125,0.9987880624147857,0.582010582010582,0.9208984375,0.0791015625,1.9220957670768257e-05,-0.0002711400985717773,1.6509556685050485e-05,0.965,0.9989183342347214,0.5496688741721855,0.9245,0.0755
70,2.8022730735496486e-05,1.3982255829905624e-05,1.8757999314402695e-05,-0.00047757434844970705,0.00027583326612200053,0.0007146215438842774,2.1762435478324604e-05,7.246221814836775e-05,2.248705765980828e-05,0.9663783482142857,0.9987864077669902,0.5954861111111112,0.9196428571428571,0.08035714285714286,1.8757999314402695e-05,-0.00047407054901123046,1.401729382429039e-05,0.965,0.9989183342347214,0.5496688741721855,0.9245,0.0755
71,2.353626872978306e-05,1.2949335053563118e-05,1.8264295533299445e-05,-0.0005314960479736328,0.00046581881386893135,-0.0009011058807373047,2.0908930309815332e-05,0.00013610294886997769,2.226995979851511e-05,0.9662388392857143,0.9989381067961165,0.5920138888888888,0.9196428571428571,0.08035714285714286,1.8264295533299445e-05,-0.0005317668914794921,1.2946626618504524e-05,0.965,0.9989183342347214,0.5496688741721855,0.9245,0.0755
72,2.1563400878221728e-05,1.2236304656835271e-05,1.7754550353856756e-05,-0.0005518245697021484,-0.00010677746364048549,-0.0008993959426879883,2.080066146195999e-05,0.0001533031463623047,2.233369292558304e-05,0.9670758928571429,0.9990904956798545,0.5971978984238179,0.9203404017857143,0.07965959821428571,1.7754550353856756e-05,-0.0005544977188110351,1.2209573165746405e-05,0.965,0.9989183342347214,0.5496688741721855,0.9245,0.0755
73,2.4595644780284992e-05,1.3324804681760725e-05,1.8234377283079085e-05,-0.000490957260131836,-0.00036845888410295757,-0.0009672880172729492,2.1188223139948343e-05,-6.689344133649553e-05,2.0519288726583387e-05,0.9680524553571429,0.9989400363416111,0.6063829787234043,0.9213169642857143,0.07868303571428571,1.8234377283079085e-05,-0.0004903907775878906,1.3330469507200179e-05,0.965,0.9989183342347214,0.5496688741721855,0.9245,0.0755
74,2.3417011366940903e-05,1.1378052748914342e-05,1.7157195128675084e-05,-0.0005779142379760742,-0.00040355750492640903,-0.0007406988143920898,1.940540356112511e-05,0.00011386190141950334,2.0544022575320145e-05,0.9645647321428571,0.9992411595082714,0.5699481865284974,0.9192243303571429,0.08077566964285714,1.7157195128675084e-05,-0.0005799331665039063,1.135786346363602e-05,0.965,0.9989183342347214,0.5496688741721855,0.9245,0.0755
75,2.646701250341721e-05,1.403025801933836e-05,1.7720538933645002e-05,-0.00036902809143066407,-0.00011069434029715402,-0.0009980325698852538,2.028110611718148e-05,7.49826431274414e-05,2.1030932548455893e-05,0.9651227678571429,0.9987856709168185,0.5827586206896552,0.9190848214285714,0.08091517857142858,1.7720538933645002e-05,-0.00036652183532714846,1.4055320580373517e-05,0.965,0.9989183342347214,0.5496688741721855,0.9245,0.0755
76,2.487872136823301e-05,1.3844653278647457e-05,1.8801709324179683e-05,-0.0004957056045532226,-3.230571746826172e-05,-0.0006953554153442383,2.1397962492691086e-05,-0.00014078617095947266,1.999010078309636e-05,0.9659598214285714,0.9989376233115799,0.5906735751295337,0.9192243303571429,0.08077566964285714,1.8801709324179683e-05,-0.0004986772537231445,1.3814936786948239e-05,0.965,0.9989183342347214,0.5496688741721855,0.9245,0.0755
77,2.500058560274608e-05,1.2432749342115131e-05,1.6858627866895404e-05,-0.00044258785247802733,0.0001722574234008789,-0.000980278968811035,1.895602716623606e-05,0.0002189704350062779,2.1145731516298838e-05,0.9656808035714286,0.9989398758140239,0.5769911504424778,0.9211774553571429,0.07882254464285714,1.6858627866895404e-05,-0.0004304676055908203,1.25539518109872e-05,0.965,0.9989183342347214,0.5496688741721855,0.9245,0.0755
78,2.3412031493665252e-05,1.5865919206116816e-05,1.7532007310364862e-05,-0.00016660881042480469,0.00012576580047607422,-4.7669410705566406e-05,2.0199449344155645e-05,6.267002650669642e-05,2.082614960922261e-05,0.9655412946428571,0.9987867758568395,0.5836236933797909,0.919921875,0.080078125,1.7532007310364862e-05,-0.00018329715728759765,1.5699035737488886e-05,0.965,0.9989183342347214,0.5496688741721855,0.9245,0.0755
79,2.5202833057846874e-05,1.1662422052177134e-05,1.7416749826224986e-05,-0.0005754327774047851,-0.0001547506877354213,-0.000948486328125,2.0239559359781977e-05,0.0001337357929774693,2.157691728955667e-05,0.9652622767857143,0.9987851176917236,0.5866209262435678,0.9186662946428571,0.08133370535714286,1.7416749826224986e-05,-0.0005771474838256836,1.1645274987968151e-05,0.965,0.9989183342347214,0.5496688741721855,0.9245,0.0755
80,2.2870379325468093e-05,1.2145626154378987e-05,1.6839267816976643e-05,-0.0004693641662597656,-0.00011147771562848772,-0.000324920654296875,1.9613484515243078e-05,-0.00012484618595668247,1.8365022655676253e-05,0.9656808035714286,0.9989371393865776,0.5893470790378007,0.9188058035714286,0.08119419642857142,1.6839267816976643e-05,-0.0004723234176635742,1.21160336403409e-05,0.965,0.9989183342347214,0.5496688741721855,0.9245,0.0755
81,2.594721367391425e-05,1.3452023401914632e-05,1.8234204188047443e-05,-0.00047821807861328123,-0.00018986633845738003,-0.0005971574783325195,2.1246442234509493e-05,-0.00011687619345528739,2.0077680299956618e-05,0.9669363839285714,0.9987873275731393,0.5989492119089317,0.9203404017857143,0.07965959821428571,1.8234204188047443e-05,-0.0004773883819580078,1.3460320368467366e-05,0.965,0.9989183342347214,0.5496688741721855,0.9245,0.0755
82,2.6779543207209955e-05,1.44722045402159e-05,1.949065813823836e-05,-0.000501845359802246,-0.00017333030700683594,-0.0008574781417846679,2.2214682758203708e-05,3.9424215044294086e-05,2.2608924908646648e-05,0.9673549107142857,0.9989374620522161,0.6086206896551725,0.9190848214285714,0.08091517857142858,1.949065813823836e-05,-0.0005025119781494141,1.4465538356744219e-05,0.965,0.9989183342347214,0.5496688741721855,0.9245,0.0755
83,2.6511346342366388e-05,1.2435132209211588e-05,1.685640448704362e-05,-0.0004421272277832031,-0.00020941666194370816,4.2891502380371095e-05,1.9638323335259755e-05,0.0003354719706944057,2.2993043042203812e-05,0.966796875,0.9989385898407884,0.5968586387434555,0.9200613839285714,0.07993861607142858,1.685640448704362e-05,-0.000440948486328125,1.244691962376237e-05,0.965,0.9989183342347214,0.5496688741721855,0.9245,0.0755
84,2.6110548787983134e-05,1.562061726988759e-05,2.0460247396840716e-05,-0.0004839630126953125,0.0010426555361066545,-0.0008183813095092773,2.275895479085323e-05,-0.00015081678118024553,2.1250786979050776e-05,0.9645647321428571,0.9987840097279221,0.5823429541595926,0.9178292410714286,0.08217075892857142,2.0460247396840716e-05,-0.0004885091781616211,1.5575155615224505e-05,0.965,0.9989183342347214,0.5496688741721855,0.9245,0.0755
85,3.561935305437406e-05,1.1627508282253986e-05,1.69946442838409e-05,-0.0005367136001586914,-0.00022801331111363003,-0.0007584905624389649,1.9886358651482234e-05,0.0001024007797241211,2.0910366448723445e-05,0.9654017857142857,0.9987854865644451,0.5869191049913941,0.9189453125,0.0810546875,1.69946442838409e-05,-0.0005370540618896485,1.1624103664944414e-05,0.965,0.9989183342347214,0.5496688741721855,0.9245,0.0755
86,3.892812102484251e-05,2.1119688109029086e-05,2.620479400502518e-05,-0.0005085105895996094,-3.6307743617466516e-05,0.0008033018112182617,2.908303239174919e-05,6.961822509765625e-05,2.9779214642725754e-05,0.9679129464285714,0.9989405176328137,0.6024955436720143,0.9217354910714286,0.07826450892857142,2.620479400502518e-05,-0.0005167922973632812,2.1036871031392368e-05,0.965,0.9989183342347214,0.5496688741721855,0.9245,0.0755
87,6.368415233737323e-05,4.611792070441879e-05,5.0087485142285005e-05,-0.00039695644378662107,0.0009794235229492188,-0.0006327180862426758,5.359544385490673e-05,-7.763930729457311e-05,5.2819050781961004e-05,0.9659598214285714,0.9987854865644451,0.5938037865748709,0.9189453125,0.0810546875,5.0087485142285005e-05,-0.00038956356048583987,4.6191849537426604e-05,0.9645,0.9983775013520823,0.5496688741721855,0.9245,0.0755
88,7.575140885559708e-05,7.593160352436826e-05,8.137782773701474e-05,-0.0005446224212646484,-0.0001039675303867885,-0.00079833984375,8.486111515334674e-05,8.901527949741908e-05,8.575126794832093e-05,0.9652622767857143,0.9987851176917236,0.5866209262435678,0.9186662946428571,0.08133370535714286,8.137782773701474e-05,-0.0005458250045776368,7.591957769123838e-05,0.965,0.9989183342347214,0.5496688741721855,0.9245,0.0755
89,8.903923818642008e-05,0.00011820787062868475,0.00011865001311525702,-4.4214248657226564e-05,0.00039599622998918803,-0.000960841178894043,0.00012266933065672805,0.00031484876360212056,0.00012581781829274925,0.9665178571428571,0.9989390724461958,0.5912280701754385,0.9204799107142857,0.07952008928571429,0.00011865001311525702,-4.773807525634766e-05,0.00011817263236269355,0.9645,0.9983775013520823,0.5496688741721855,0.9245,0.0755
90,0.00011684581581253692,0.0002729363090358674,0.00027505303686484693,-0.00021167278289794923,-0.00028256007603236606,-0.0007615289688110351,0.0002816733322106302,0.00020110607147216797,0.00028368439292535185,0.9684709821428571,0.9987862236382946,0.6221837088388215,0.9195033482142857,0.08049665178571429,0.00027505303686484693,-0.00021126651763916015,0.00027294037168845535,0.9655,0.9983775013520823,0.5629139072847682,0.9245,0.0755
91,0.00020127461175434291,0.00019869142477866263,0.00020384100859519095,-0.000514958381652832,-0.0003102677209036691,-0.0005107774734497071,0.0002100121886802039,0.00015354156494140625,0.00021154760432961798,0.9691685267857143,0.9981804397270659,0.6352530541012217,0.9200613839285714,0.07993861607142858,0.00020384100859519095,-0.0005199089050292969,0.000198641919544898,0.9675,0.9983775013520823,0.5894039735099338,0.9245,0.0755
92,0.00013657432438256883,2.7176317232078875e-05,3.012193109316286e-05,-0.00029456138610839844,-2.5238309587751117e-05,-0.0006483831405639649,3.446994196565356e-05,0.00023468903132847378,3.68168322789383e-05,0.9680524553571429,0.9986353297952995,0.6160558464223386,0.9200613839285714,0.07993861607142858,3.012193109316286e-05,-0.00029497718811035155,2.7172159212059342e-05,0.9655,0.9983775013520823,0.5629139072847682,0.9245,0.0755
93,6.803179089079745e-05,6.20614547864534e-05,6.769824220100418e-05,-0.0005636787414550781,0.00012624263763427734,-0.0009570102691650391,7.026133659694876e-05,0.00011248247964041573,7.138616139335292e-05,0.9656808035714286,0.9992393123383538,0.5949579831932773,0.9169921875,0.0830078125,6.769824220100418e-05,-0.0005745744705200195,6.195249749580399e-05,0.965,0.9989183342347214,0.5496688741721855,0.9245,0.0755
94,4.965487356197887e-05,1.5028808284550903e-05,2.064978377893567e-05,-0.0005620975494384766,-0.0002445152827671596,-0.000859715461730957,2.360945265016718e-05,-0.00011164801461356027,2.2492972504031576e-05,0.9654017857142857,0.9986336723850008,0.5886402753872634,0.9189453125,0.0810546875,2.064978377893567e-05,-0.0005681428909301758,1.4968354869633912e-05,0.965,0.9989183342347214,0.5496688741721855,0.9245,0.0755
95,3.3882020163998406e-05,1.76183802052401e-05,2.249881805619225e-05,-0.0004880437850952148,-0.00038877555302211216,-0.00048324012756347656,2.504997896072122e-05,0.00013548987252371653,2.6404877685958386e-05,0.9660993303571429,0.9989381067961165,0.5902777777777778,0.9196428571428571,0.08035714285714286,2.249881805619225e-05,-0.0004946708679199219,1.755210937699303e-05,0.965,0.9989183342347214,0.5496688741721855,0.9245,0.0755
96,2.8328986185702627e-05,1.5053952291491441e-05,1.624749477196019e-05,-0.000119354248046875,0.00023416110447474888,-0.0007339849472045899,1.849162280060617e-05,0.00022380692618233816,2.0729692062429554e-05,0.9641462053571429,0.9989376233115799,0.5682210708117443,0.9192243303571429,0.08077566964285714,1.624749477196019e-05,-0.00011740303039550781,1.5073464468005113e-05,0.965,0.9989183342347214,0.5496688741721855,0.9245,0.0755
97,2.500482462762323e-05,1.1301881031540689e-05,1.663752670719987e-05,-0.0005335645675659179,-0.00020694732666015625,-0.000773651123046875,1.8681996152736247e-05,0.000303166253226144,2.1713658684997686e-05,0.96484375,0.9987851176917236,0.58147512864494,0.9186662946428571,0.08133370535714286,1.663752670719987e-05,-0.0005300569534301757,1.133695717289811e-05,0.965,0.9989183342347214,0.5496688741721855,0.9245,0.0755
98,2.2218152350563158e-05,1.4645576184557285e-05,1.7803764050768223e-05,-0.0003158187866210938,-0.00021319729941231863,-0.0007691488265991211,2.027640740769649e-05,3.799370356968471e-05,2.0656344443393336e-05,0.9663783482142857,0.9987862236382946,0.5961871750433275,0.9195033482142857,0.08049665178571429,1.7803764050768223e-05,-0.00030518817901611326,1.475188226060709e-05,0.965,0.9989183342347214,0.5496688741721855,0.9245,0.0755
99,2.1873445153427644e-05,1.056538213015301e-05,1.722584355593426e-05,-0.000666046142578125,-6.943089621407645e-05,0.0004589376449584961,2.0271950104090918e-05,8.222034999302455e-05,2.1094153604021163e-05,0.9670758928571429,0.999241964827168,0.5961538461538461,0.9202008928571429,0.07979910714285714,1.722584355593426e-05,-0.0006652631759643554,1.0573211796290706e-05,0.965,0.9989183342347214,0.5496688741721855,0.9245,0.0755
100,2.2999990635850865e-05,1.2707534313958604e-05,1.6490941525262316e-05,-0.0003783407211303711,0.0008438995906284877,-0.00048031139373779294,1.8852207566461792e-05,2.2189957754952566e-05,1.907410714401132e-05,0.9656808035714286,0.9989373007438895,0.5886402753872634,0.9189453125,0.0810546875,1.6490941525262316e-05,-0.0003677234649658203,1.2813706875604113e-05,0.965,0.9989183342347214,0.5496688741721855,0.9245,0.0755
