setting,delta,valid_cov,mu1,mu2,cov11,cov12,cov22,pval_mean,pval_std,pval_base_mean,pval_base_std,pval_recon_mean,pval_recon_std,pval_uniform_mean,pval_uniform_std,ks_p_prop_mean,ks_p_prop_std,ks_p_base_mean,ks_p_base_std,ks_p_recon_mean,ks_p_recon_std,ks_p_uniform_mean,ks_p_uniform_std,cvm_p_prop_mean,cvm_p_prop_std,cvm_p_base_mean,cvm_p_base_std,cvm_p_recon_mean,cvm_p_recon_std,cvm_p_uniform_mean,cvm_p_uniform_std,ad_p_prop_mean,ad_p_prop_std,ad_p_base_mean,ad_p_base_std,ad_p_recon_mean,ad_p_recon_std,ad_p_uniform_mean,ad_p_uniform_std,ks_u_stat_prop_mean,ks_u_stat_prop_std,ks_u_stat_base_mean,ks_u_stat_base_std,ks_u_stat_recon_mean,ks_u_stat_recon_std,ks_u_stat_uniform_mean,ks_u_stat_uniform_std,ks_u_p_prop_mean,ks_u_p_prop_std,ks_u_p_base_mean,ks_u_p_base_std,ks_u_p_recon_mean,ks_u_p_recon_std,ks_u_p_uniform_mean,ks_u_p_uniform_std,mmd_u_prop_mean,mmd_u_prop_std,mmd_u_base_mean,mmd_u_base_std,mmd_u_recon_mean,mmd_u_recon_std,mmd_u_uniform_mean,mmd_u_uniform_std,wass_u_prop_mean,wass_u_prop_std,wass_u_base_mean,wass_u_base_std,wass_u_recon_mean,wass_u_recon_std,wass_u_uniform_mean,wass_u_uniform_std,label_prob_base_mean,label_prob_base_std,label_prob_shift_mean,label_prob_shift_std
df1,0.0,True,0.0,0.0,1.0,0.0,1.0,1.0,0.0,0.5961377302402198,0.2945370762236729,0.5366913048303997,0.3168653344180926,0.6359592472888319,0.3177150092874177,1.0,0.0,0.5961377302402198,0.2945370762236729,0.5366913048303997,0.3168653344180926,0.6359592472888319,0.3177150092874177,1.0,0.0,0.5669618079040714,0.299751109016956,0.5312544839869213,0.3125165224043401,0.5784931124537366,0.34651167230986224,1.0,0.0,0.002288485911634196,0.0005039064823221027,0.002195660334918067,0.0006281281640459393,0.002091689090439406,0.0007004508540507374,1.0,0.0,0.01734706653833389,0.0038109632916954956,0.8769104325499535,9.42902316981028e-05,0.5031210124848373,0.0071282117368481075,0.0,0.0,0.16597122801569036,0.18438309108655598,0.0,0.0,0.0,0.0,0.42755416393280027,0.005000848356612849,2.4580955505371092e-05,8.889113727281315e-05,0.32309277772903444,0.004750414239443308,0.12928586959838867,0.002201859188245286,0.4991081372550723,0.0034484382724780612,0.00739824375158505,0.0027050359926594383,0.41099127654114764,0.0033746776024151885,0.24781290482319968,0.0021143082072930374,0.9260200738906861,0.0032585664318712207,0.926152458190918,0.003269516706310017
df1,0.05,True,0.0,0.05,1.0,0.0,1.0,1.0,0.0,0.45569477862710217,0.3259872334104191,0.599965786411449,0.28313702651779726,0.5596115795890851,0.3443854096630357,1.0,0.0,0.45569477862710217,0.3259872334104191,0.599965786411449,0.28313702651779726,0.5596115795890851,0.3443854096630357,1.0,0.0,0.46231850570726907,0.3333536649941399,0.6070273570426814,0.28735944304808053,0.5239923406154253,0.3769057386401232,1.0,0.0,0.002017326296308822,0.0007680229944257581,0.002315967367046396,0.0005119814090013592,0.0018286339649210787,0.0009876033569224366,1.0,0.0,0.018336994451045988,0.004576803484357749,0.8769037322292328,7.848106186932429e-05,0.506409393495597,0.0068772929835480235,0.0,0.0,0.14798395068395181,0.18777441180245466,0.0,0.0,0.0,0.0,0.42827765226364134,0.006236112912417766,8.52060317993164e-05,0.00010227334879728507,0.32403034925460816,0.006111800119846201,0.1285955786705017,0.0019490287820769121,0.5003970357613593,0.0044260353058621655,0.008925925751906089,0.0025957016715710507,0.41220987818076904,0.004333148476797384,0.24719789487019794,0.001972522870753086,0.9253361761569977,0.0031663716484018594,0.9254064071178436,0.003483447855070212
df1,0.1,True,0.0,0.1,1.0,0.0,1.0,1.0,0.0,0.3532113563647474,0.25631229055255,0.348454027437121,0.30216635243237866,0.6466114496923326,0.34094877621261527,1.0,0.0,0.3532113563647474,0.25631229055255,0.348454027437121,0.30216635243237866,0.6466114496923326,0.34094877621261527,1.0,0.0,0.345008365775867,0.23439874426994087,0.3505717507233441,0.29943583873070584,0.5973019778051408,0.35018395353255966,1.0,0.0,0.0019047831481081965,0.0007615976260402402,0.0016593159998760031,0.0010297571859483419,0.0020651673965503938,0.0007834424711496075,1.0,0.0,0.021882613927841188,0.005635523882100631,0.8768992133979797,8.510322254448886e-05,0.5071850219264068,0.00739762014219128,0.0,0.0,0.07900374021295038,0.13776063353385395,0.0,0.0,0.0,0.0,0.42934881210327147,0.005321582814117109,0.00010552167892456054,0.00014526316294249784,0.32442943096160887,0.004968758899933565,0.1299367904663086,0.0024792566169524895,0.5003012682252782,0.003605020779504883,0.009142349603857932,0.003219686573151896,0.4117951147685913,0.003506703529024498,0.24853215223907132,0.002506112200314072,0.9261383879184723,0.003659274422278801,0.9265304589271546,0.003541795194594897
df1,0.15000000000000002,True,0.0,0.15000000000000002,1.0,0.0,1.0,1.0,0.0,0.41851900417089233,0.2689328263193815,0.3984520962197612,0.29412618654184397,0.5427094424573451,0.3263248106363851,1.0,0.0,0.41851900417089233,0.2689328263193815,0.3984520962197612,0.29412618654184397,0.5427094424573451,0.3263248106363851,1.0,0.0,0.4193961012724376,0.26441153635547643,0.38298122401656515,0.2758406492742532,0.4891140468136498,0.349388450099283,1.0,0.0,0.002041664432339094,0.0006980466485846643,0.001830560016492926,0.0009317945160149104,0.0018837923079965937,0.0009361748749235783,1.0,0.0,0.022403264829158775,0.0046764796166215,0.8768752876465321,8.053719081697271e-05,0.5123849894843996,0.006676590040772969,0.0,0.0,0.04785063439803644,0.09736563531854603,0.0,0.0,0.0,0.0,0.4275396943092346,0.006247622599813178,0.0001246023178100586,0.00012823582907590413,0.3226856827735901,0.006061715307374588,0.12979747533798217,0.0023888664368585627,0.49927030558137103,0.004342905378561767,0.009572500597762282,0.0029030107653138524,0.4107854086606105,0.004220493544661176,0.24824921298089309,0.0024106513092935667,0.926045024394989,0.002698442589461459,0.9258147966861725,0.0032286128887954973
df1,0.2,True,0.0,0.2,1.0,0.0,1.0,1.0,0.0,0.3452000810713217,0.24591458687179069,0.3356082255277388,0.22795165610767906,0.40023486239555256,0.32819662423605794,1.0,0.0,0.3452000810713217,0.24591458687179069,0.3356082255277388,0.22795165610767906,0.40023486239555256,0.32819662423605794,1.0,0.0,0.3267930999185063,0.2391462224968701,0.3341692848656306,0.2519772278125569,0.3430089405456588,0.3224014530402164,1.0,0.0,0.0018197670188331658,0.0008751148113337268,0.001788349605482202,0.0009227509711959831,0.0015336226497633925,0.0011090074501354833,1.0,0.0,0.02444251462984086,0.004515155193628174,0.8768947003509999,8.667732681260982e-05,0.5142889587619639,0.007546589082762611,0.0,0.0,0.0184148007142081,0.026948589901358063,0.0,0.0,0.0,0.0,0.4289244055747986,0.0061378276591258244,0.00020612239837646484,0.00015550348407414888,0.3240856122970581,0.0059950585950771206,0.12944799661636353,0.0021140005793491927,0.5007120066495435,0.004439911752235504,0.01115708239078436,0.0030315879611964715,0.41211003415870207,0.004349819453007796,0.2479118863496443,0.0020809427558286706,0.925724983215332,0.0032281243236887596,0.9253328084945679,0.003063386577390664
df1,0.25,True,0.0,0.25,1.0,0.0,1.0,1.0,0.0,0.2650773450094572,0.23582670865435618,0.2959299412253586,0.27113345568330965,0.361442872488388,0.35323071521585414,1.0,0.0,0.2650773450094572,0.23582670865435618,0.2959299412253586,0.27113345568330965,0.361442872488388,0.35323071521585414,1.0,0.0,0.24470852835082216,0.2028397946397773,0.28152171829389216,0.274660089144687,0.319202348774045,0.36580264436206555,1.0,0.0,0.0015073327149214043,0.00088612845269742,0.001445122945334827,0.0010137161525855792,0.0012475889080797446,0.0010691856990482315,1.0,0.0,0.02587673911046982,0.004372617419937303,0.876929712539196,8.338640230055598e-05,0.5175855768032149,0.005903457891046255,0.0,0.0,0.010720335316530591,0.018195897639350728,0.0,0.0,0.0,0.0,0.4282984209060669,0.006097581011342772,0.00023471355438232423,0.000168832139193062,0.3232085967063904,0.005812235585489663,0.1301354956626892,0.0023227252705146475,0.49983224541536253,0.004152150061445914,0.011747797283518126,0.002979452731730927,0.4111488141058209,0.004044737138177656,0.2485082254511466,0.002284229051194986,0.9259076571464538,0.003302516724306001,0.9252678370475769,0.003564027841387493
df1,0.30000000000000004,True,0.0,0.30000000000000004,1.0,0.0,1.0,1.0,0.0,0.25740364769122587,0.23401012062008072,0.3487466398889395,0.2798507100079714,0.19400839545248247,0.23879607622918927,1.0,0.0,0.25740364769122587,0.23401012062008072,0.3487466398889395,0.2798507100079714,0.19400839545248247,0.23879607622918927,1.0,0.0,0.24467398769553136,0.21223151186458328,0.31469223073048447,0.2610276960328483,0.14304794028795284,0.23589108122176422,1.0,0.0,0.0015298128093840712,0.0008493510951490147,0.0016150712288829066,0.0009349114115472856,0.0007030865192011109,0.0009266882082882089,1.0,0.0,0.02628597536373139,0.004271728475890297,0.8768903895263672,6.282497334975607e-05,0.523936818046961,0.00643448321294827,0.0,0.0,0.007925567528367755,0.012471961857354366,0.0,0.0,0.0,0.0,0.42564619779586793,0.00530804983628952,0.00025367021560668946,0.00015401294770916356,0.32088829278945924,0.005237055857159011,0.1300123429298401,0.0020406799258091304,0.49829328400520906,0.0038677640279771016,0.012061292675982502,0.002672483649375801,0.4097287060956664,0.003800109816685559,0.24834917426139022,0.002022036825302036,0.9262729370594025,0.003839919831500888,0.9248946464061737,0.003685552973186192
df1,0.35000000000000003,True,0.0,0.35000000000000003,1.0,0.0,1.0,1.0,0.0,0.14905181471831935,0.13429245483052135,0.1633691745700479,0.19586959671183143,0.13013904204483887,0.23895564611226072,1.0,0.0,0.14905181471831935,0.13429245483052135,0.1633691745700479,0.19586959671183143,0.13013904204483887,0.23895564611226072,1.0,0.0,0.1447855566540583,0.14331114854248111,0.1463815310688598,0.1781752017304319,0.10607475291924282,0.23418194334235082,1.0,0.0,0.0009147987514297606,0.0008446067118353304,0.000917608810001298,0.0009770059896076525,0.00047045903975700254,0.0008007923279714905,1.0,0.0,0.02910650834560394,0.004722575637040238,0.8769208851726056,8.764393286331568e-05,0.5244037739713527,0.006408225766738906,0.0,0.0,0.005598819742315875,0.019628807093812886,0.0,0.0,0.0,0.0,0.43028640031814575,0.005517945589276548,0.0003482222557067871,0.00021929352928994257,0.3249646091461182,0.0054941081033591955,0.13122679471969603,0.00202479410850869,0.501042407697854,0.004245404621149062,0.013280585213596905,0.0033467328083493114,0.41225494841844096,0.004229467738061387,0.24942559621529786,0.0018743833581348292,0.9247863113880157,0.0032979115812831225,0.9263982224464417,0.003665183828390025
df1,0.4,True,0.0,0.4,1.0,0.0,1.0,1.0,0.0,0.1690399358085398,0.19405025221891692,0.3024319655451627,0.2572853467299848,0.15342813863114554,0.23283168644697785,1.0,0.0,0.1690399358085398,0.19405025221891692,0.3024319655451627,0.2572853467299848,0.15342813863114554,0.23283168644697785,1.0,0.0,0.15382375527235465,0.17257371763660315,0.2861358442942143,0.2448891486674271,0.09703817828704718,0.18352689499646288,1.0,0.0,0.0009803977011437716,0.0009012489861860127,0.0014134857198119621,0.0009311211727867886,0.0005138052746279878,0.0008437954029842379,1.0,0.0,0.029736555274963373,0.005296884022246297,0.8768876312401295,6.950743749712193e-05,0.5262008676910661,0.00699895217510353,0.0,0.0,0.004885296303631466,0.017303482642304517,0.0,0.0,0.0,0.0,0.4283009195327759,0.0053383309113935835,0.00035303592681884766,0.0002028680728545716,0.3234214663505554,0.005362994110594614,0.13084059953689575,0.0021347306682612563,0.4998855648494346,0.004146447372109015,0.013502291240239368,0.003247943049920834,0.4113426837395969,0.004080568935130158,0.24912208772662914,0.002023376760040556,0.9255585598945618,0.003839655747030222,0.9253264713287354,0.0035116148449804902
df1,0.45,True,0.0,0.45,1.0,0.0,1.0,1.0,0.0,0.1336458703023742,0.12944599493337056,0.281192691021589,0.2531868443783648,0.05655969405643109,0.13345687021102162,1.0,0.0,0.1336458703023742,0.12944599493337056,0.281192691021589,0.2531868443783648,0.05655969405643109,0.13345687021102162,1.0,0.0,0.1251369413452237,0.10906327489145393,0.2725005356016471,0.2426556587879136,0.03353919212380348,0.09211443303250681,1.0,0.0,0.0009080951489051206,0.0008459601910246025,0.0013537176774138131,0.0009141909647632328,0.00021238465284337344,0.0005743475099640314,1.0,0.0,0.030158290160179135,0.0040207506898435556,0.876912347769022,8.938512263444494e-05,0.5306633593835086,0.007285978351931478,0.0,0.0,0.0012555381364313853,0.0028915641596819193,0.0,0.0,0.0,0.0,0.428787944316864,0.0051491852238911935,0.00038984060287475584,0.00017732505329331956,0.32407919645309446,0.005100688085255008,0.1312707805633545,0.002460303224155853,0.5004486880021357,0.003555493801827153,0.014241706949313997,0.0028145140903430873,0.41201405895597853,0.0035596107791583,0.24955989886559735,0.0024408823521229156,0.9268205416202545,0.0029350151985133408,0.9252308082580566,0.003467657188383049
df1,0.5,True,0.0,0.5,1.0,0.0,1.0,1.0,0.0,0.17027528728963268,0.19865822398961056,0.3176112884086922,0.2813246021810047,0.04857446951277821,0.15006631492268638,1.0,0.0,0.17027528728963268,0.19865822398961056,0.3176112884086922,0.2813246021810047,0.04857446951277821,0.15006631492268638,1.0,0.0,0.13799569122821762,0.18213877527875916,0.2749868597730788,0.2497217969521744,0.038542367972304904,0.14012676155194,1.0,0.0,0.0007779384026296319,0.0008387173734653831,0.0013272121068572406,0.0009159130702795711,0.00017964127691581577,0.0005770174097256329,1.0,0.0,0.031769413420677184,0.005809814298406925,0.8769138963654042,8.468253095382737e-05,0.5326809120977185,0.006394132143253375,0.0,0.0,0.0032837467117372925,0.014417099200164193,0.0,0.0,0.0,0.0,0.42880600452423095,0.005336516333793673,0.00044468879699707033,0.0002535361433120981,0.32409780025482177,0.005221675861861013,0.1316715359687805,0.002180951990365607,0.5003082861136829,0.0038524156060265008,0.014789773372200068,0.003402434134849305,0.41194239361320084,0.003766880146397054,0.24987921283405576,0.0021770833552183047,0.9257116889953614,0.0032816738264049,0.9252813196182251,0.0033524758211611848
df1,0.55,True,0.0,0.55,1.0,0.0,1.0,1.0,0.0,0.1335686971474635,0.18913587771076035,0.26908377264858446,0.22464327723741362,0.010049740786036767,0.039343608602116754,1.0,0.0,0.1335686971474635,0.18913587771076035,0.26908377264858446,0.22464327723741362,0.010049740786036767,0.039343608602116754,1.0,0.0,0.10780581908844104,0.16542970340566318,0.24895399527961712,0.21761467074353005,0.002887162196539008,0.011896063084791693,1.0,0.0,0.0005891771068529551,0.0008036117296090965,0.001241333966454052,0.0009049300712849677,2.0611248831854267e-05,5.353272529134748e-05,1.0,0.0,0.03275017647695541,0.005286184961658196,0.8769100450925827,0.00010409599334039331,0.5382404903492332,0.006550663043398655,0.0,0.0,0.0014210608193334193,0.004002792725336093,0.0,0.0,0.0,0.0,0.42812113046646116,0.005892275488313005,0.0004853940010070801,0.00023082102457710544,0.32358330488204956,0.005655411753210688,0.1324040699005127,0.0025681233852128207,0.4996627357240856,0.0039627510463322415,0.015502701473963786,0.003023900754857818,0.41143842117093354,0.0038863588924900514,0.2505436066067436,0.0025697407870800076,0.9258612823486329,0.00333529532708541,0.9252821147441864,0.003108973617485796
df1,0.6000000000000001,True,0.0,0.6000000000000001,1.0,0.0,1.0,1.0,0.0,0.07909625429981064,0.11388027856974578,0.20170898453614303,0.1970914658425554,0.010677817450481327,0.04894747636771509,1.0,0.0,0.07909625429981064,0.11388027856974578,0.20170898453614303,0.1970914658425554,0.010677817450481327,0.04894747636771509,1.0,0.0,0.07371977443423751,0.09661165323458533,0.18966065217907205,0.1888716873376455,0.004789816136440159,0.02566328152975308,1.0,0.0,0.0005008905027937949,0.0006928314877311297,0.0010430923729083743,0.0009608770965066507,4.060672766144344e-05,0.0001993055920963948,1.0,0.0,0.032947986082553865,0.005726897092269804,0.8768985035471917,9.32896611624154e-05,0.5404911801960021,0.0078047049451381795,0.0,0.0,0.0006822687683982737,0.0017619554298710033,0.0,0.0,0.0,0.0,0.42718470335006714,0.005282822833123433,0.0004871129989624023,0.0002080609490718015,0.3229101228713989,0.005052314362465894,0.13235498905181886,0.0025604005340175624,0.4992551830899026,0.0035865827131632494,0.015562152564919204,0.0027719402591086907,0.4113268444051763,0.0035187173321210487,0.2502532435050043,0.002387708587760964,0.9260272014141083,0.003729009659400753,0.9244395339488983,0.0038321950813687924
df1,0.65,True,0.0,0.65,1.0,0.0,1.0,1.0,0.0,0.1047801788721021,0.13598187525662433,0.12725622929809113,0.16990293982294546,0.0006601319639008839,0.0014006495196212318,1.0,0.0,0.1047801788721021,0.13598187525662433,0.12725622929809113,0.16990293982294546,0.0006601319639008839,0.0014006495196212318,1.0,0.0,0.0810779771022206,0.1016652703268541,0.10626737466021485,0.15843787217700275,0.0005422855672371862,0.0031971077767944858,1.0,0.0,0.0004687155988464935,0.0006473340594931124,0.0006057214962947423,0.000835311824331836,1.1756014236772675e-05,1.241689574682078e-05,1.0,0.0,0.033440096767902376,0.004540852983686635,0.8769129221274854,9.61909467374165e-05,0.5441213963499106,0.007404602383700727,0.0,0.0,0.00020946021377018595,0.00041051311409137403,0.0,0.0,0.0,0.0,0.4277510595321655,0.005319585540873103,0.0005037426948547363,0.00021596716256866674,0.3237339663505554,0.005222236551232973,0.13292438745498658,0.0024989423982061183,0.4996502460917298,0.003709949919495286,0.01576100043294693,0.00288831543601252,0.41196126079383605,0.0036941396980784756,0.25081758023064465,0.0024280903211610716,0.9255038690567017,0.003569989088499233,0.9247259676456452,0.0037921430906045885
df1,0.7000000000000001,True,0.0,0.7000000000000001,1.0,0.0,1.0,1.0,0.0,0.07794906616471155,0.09894179517686484,0.06597939525488354,0.0983096833627184,0.00032327058386579893,0.0012488684880819145,1.0,0.0,0.07794906616471155,0.09894179517686484,0.06597939525488354,0.0983096833627184,0.00032327058386579893,0.0012488684880819145,1.0,0.0,0.05927624449865929,0.07542936746648032,0.04841054178732099,0.08208038507282797,0.00010750604101257277,0.0004986821167628559,1.0,0.0,0.00035625522506035646,0.0004733846716187386,0.00025791563851038226,0.0004629038820609384,1e-05,0.0,1.0,0.0,0.03418645323705673,0.005013073099233775,0.8769291700692178,0.00010406047078100399,0.5471026977584585,0.006858451192106211,0.0,0.0,0.0002040324169094351,0.0004200290644693439,0.0,0.0,0.0,0.0,0.4280634832382202,0.006205199039198283,0.0005523538589477539,0.00024625710714701364,0.32415329694747924,0.006080057139061874,0.1335647511482239,0.0024590696670638086,0.49973284809388324,0.004360365141152935,0.016415350456448586,0.00317280009060589,0.4121288780138631,0.004317978785558893,0.25145878735975785,0.0024149036070865715,0.9262676286697388,0.0031142679721752253,0.9252007579803467,0.0029367435065888563
df1,0.75,True,0.0,0.75,1.0,0.0,1.0,1.0,0.0,0.04635855064628856,0.07696374425919279,0.04023719268864533,0.0800520408897353,0.002185317012286843,0.01248033547464288,1.0,0.0,0.04635855064628856,0.07696374425919279,0.04023719268864533,0.0800520408897353,0.002185317012286843,0.01248033547464288,1.0,0.0,0.036322962571064266,0.048446289659128505,0.025546485308397343,0.05874995941531793,0.0009112503453169474,0.005579729096126833,1.0,0.0,0.00021078352182510527,0.0003189753697307877,0.0001520240572786127,0.00040210466838168775,1.2614996305169331e-05,1.8490816201629992e-05,1.0,0.0,0.03524547478342057,0.005579961819447513,0.8769376714119912,0.00010332293626672085,0.5481956276498362,0.008379851389609819,0.0,0.0,0.0003828140640348601,0.0010464759521276272,0.0,0.0,0.0,0.0,0.42705167770385744,0.006504432111640744,0.000639035701751709,0.00024404259893174288,0.32369834184646606,0.006353669156779734,0.13306520462036134,0.002177401329827368,0.49948900991041223,0.004679766289152251,0.017656703448785453,0.0030292397834393004,0.4122387995924652,0.004624992866568423,0.2509378346794683,0.002082122222532051,0.9253336155414581,0.003271081778626887,0.9247994220256806,0.003993924083359076
df1,0.8,True,0.0,0.8,1.0,0.0,1.0,1.0,0.0,0.06794607942835013,0.10077300818602757,0.01750013825745485,0.08241874424655204,0.00031755765299245215,0.0018098938701174739,1.0,0.0,0.06794607942835013,0.10077300818602757,0.01750013825745485,0.08241874424655204,0.00031755765299245215,0.0018098938701174739,1.0,0.0,0.049866659248321794,0.06873936155292408,0.015867001545408203,0.08553319070818673,6.045510376418983e-05,0.0002851390431710353,1.0,0.0,0.0002757443752616416,0.00040901984282768156,7.34480028267944e-05,0.00035285610639917774,1e-05,0.0,1.0,0.0,0.03407448278951644,0.004409659906920771,0.8769766487178802,0.0001308314134587436,0.5521395283741765,0.006334167686210955,0.0,0.0,0.00015904112975320716,0.0002837383370756432,0.0,0.0,0.0,0.0,0.42975741147994995,0.005780253450675561,0.0005324411392211914,0.00018961751148759818,0.32650844812393187,0.00568199061051858,0.13484599351882934,0.0020529773587178867,0.5009256379489916,0.0042891504358964355,0.0161091049817089,0.0023020152944496176,0.41391959385494714,0.004247333618658175,0.25254017936361833,0.0020528733236156896,0.9264943206310272,0.003743897326368685,0.9240076303482055,0.0033064628152317662
df1,0.8500000000000001,True,0.0,0.8500000000000001,1.0,0.0,1.0,1.0,0.0,0.0635407128895589,0.0880616147583732,0.0017111745888369028,0.003654287674651961,3.5188385382642064e-06,1.2326376142530594e-05,1.0,0.0,0.0635407128895589,0.0880616147583732,0.0017111745888369028,0.003654287674651961,3.5188385382642064e-06,1.2326376142530594e-05,1.0,0.0,0.0441834405472086,0.05412335150976166,0.0009184833003213688,0.0021793343624596138,6.640373148680823e-08,2.444023078721509e-07,1.0,0.0,0.0002477734433044305,0.0003596572902204273,1.3267427953016042e-05,1.0786198837393597e-05,1e-05,0.0,1.0,0.0,0.03424965796279908,0.00485331548527773,0.8769720196449758,0.00013819799880382313,0.5558279585041777,0.006632503573710248,0.0,0.0,0.00032135543515637193,0.0009232680908346731,0.0,0.0,0.0,0.0,0.4287073826789856,0.005989870786076933,0.0006096482276916504,0.00022326431573769923,0.32590466260910034,0.005992962521593575,0.13486933708190918,0.002408541486104487,0.5004143398596752,0.004475344568414737,0.017289761071221762,0.0028593489517666076,0.41369301768295885,0.004466400692017465,0.2526355858031751,0.0023495315386466422,0.9257970416545868,0.0036724496431177365,0.9245238208770752,0.004061811728236842
df1,0.9,True,0.0,0.9,1.0,0.0,1.0,1.0,0.0,0.05698138781134598,0.07128062789425609,1.8930716314878605e-05,8.211661847095193e-05,1.307484759952958e-05,5.445472975859237e-05,1.0,0.0,0.05698138781134598,0.07128062789425609,1.8930716314878605e-05,8.211661847095193e-05,1.307484759952958e-05,5.445472975859237e-05,1.0,0.0,0.04620776705415443,0.06850276908753514,4.010218693428325e-05,0.00018949928750832944,2.219343786107331e-06,1.2875463284393592e-05,1.0,0.0,0.0002823221928714197,0.0005063659369302993,1e-05,0.0,1e-05,0.0,1.0,0.0,0.03473117515134811,0.003906245470129774,0.8769316650111675,9.79941010304411e-05,0.5589953150732742,0.006241870028810907,0.0,0.0,9.410851670864565e-05,0.00018408832498579183,0.0,0.0,0.0,0.0,0.42788291215896607,0.005807703103991267,0.0006195712089538574,0.00027580115180657924,0.3254374980926514,0.005689354200722752,0.13521819353103637,0.0027012849955907825,0.49994918005131095,0.003991267090633107,0.017249681714701478,0.0033875053849423092,0.4135945631994838,0.004012898210175302,0.2527545985921893,0.002635206564451407,0.9253297853469848,0.003610562689517683,0.9255856359004975,0.002991698414256527
df1,0.9500000000000001,True,0.0,0.9500000000000001,1.0,0.0,1.0,1.0,0.0,0.06956262889450639,0.11141682464576716,4.946953364829751e-07,1.762840044133526e-06,1.0379967870728649e-06,3.5681320979889695e-06,1.0,0.0,0.06956262889450639,0.11141682464576716,4.946953364829751e-07,1.762840044133526e-06,1.0379967870728649e-06,3.5681320979889695e-06,1.0,0.0,0.05881808137221158,0.10536210734711751,1.9971332471313552e-06,1.3446900512446458e-05,1.9587741593163342e-08,8.786981391261389e-08,1.0,0.0,0.0003290549868347114,0.0005666106852485449,1e-05,0.0,1e-05,0.0,1.0,0.0,0.034470421130657194,0.004425540011120139,0.8769482872700692,0.00013512373390166623,0.5624086974991858,0.007237001103565186,0.0,0.0,0.00035613139626617995,0.0012532272144982948,0.0,0.0,0.0,0.0,0.42826231956481936,0.005473916996191999,0.0006238985061645508,0.0001932688312072632,0.32634955644607544,0.005164771988704046,0.13564382314682008,0.0026832281303442976,0.5003841433939485,0.0035383122786633216,0.017514736647847237,0.002534170450865488,0.41444466381923867,0.00349744102559191,0.2531653796492523,0.002464491196783334,0.926253411769867,0.003444230744762348,0.9254348862171173,0.002967603505845314
df1,1.0,True,0.0,1.0,1.0,0.0,1.0,1.0,0.0,0.04774906073563836,0.05818360980969073,3.3620843395574883e-06,2.292594921818508e-05,4.757047887908193e-07,2.222014453673915e-06,1.0,0.0,0.04774906073563836,0.05818360980969073,3.3620843395574883e-06,2.292594921818508e-05,4.757047887908193e-07,2.222014453673915e-06,1.0,0.0,0.032258073465285475,0.033765192652353664,4.2017794944504415e-07,2.905918173960657e-06,4.931775974270636e-09,1.888191070633541e-08,1.0,0.0,0.00015186678486749187,0.00020615070566975155,1e-05,0.0,1e-05,0.0,1.0,0.0,0.034607243547916416,0.00382225272075535,0.876945114934683,0.00010640002539880875,0.5660335177802631,0.00624745961505015,0.0,0.0,6.753475511724692e-05,0.00011668585666077935,0.0,0.0,0.0,0.0,0.42866647720336915,0.006482377312554552,0.0006380486488342285,0.00022535934446988058,0.32704958200454715,0.006186054814516482,0.13676814317703248,0.002827694789959637,0.5003201525411177,0.004311085664095426,0.01753909562137779,0.002733664381773789,0.41469783488396383,0.004263848205329856,0.2541935375554424,0.002770750762834113,0.9258177602291107,0.0035352130305391282,0.925040773153305,0.002800723500394674
df2,0.0,True,0.0,0.0,1.0,0.0,1.0,1.0,0.0,0.5961377302402198,0.2945370762236729,0.5366913048303997,0.3168653344180926,0.6359592472888319,0.3177150092874177,1.0,0.0,0.5961377302402198,0.2945370762236729,0.5366913048303997,0.3168653344180926,0.6359592472888319,0.3177150092874177,1.0,0.0,0.5669618079040714,0.299751109016956,0.5312544839869213,0.3125165224043401,0.5784931124537366,0.34651167230986224,1.0,0.0,0.002288485911634196,0.0005039064823221027,0.002195660334918067,0.0006281281640459393,0.002091689090439406,0.0007004508540507374,1.0,0.0,0.01734706653833389,0.0038109632916954956,0.8769104325499535,9.42902316981028e-05,0.5031210124848373,0.0071282117368481075,0.0,0.0,0.16597122801569036,0.18438309108655598,0.0,0.0,0.0,0.0,0.42755416393280027,0.005000848356612849,2.4580955505371092e-05,8.889113727281315e-05,0.32309277772903444,0.004750414239443308,0.12928586959838867,0.002201859188245286,0.4991081372550723,0.0034484382724780612,0.00739824375158505,0.0027050359926594383,0.41099127654114764,0.0033746776024151885,0.24781290482319968,0.0021143082072930374,0.9260200738906861,0.0032585664318712207,0.926152458190918,0.003269516706310017
df2,0.05,True,0.05,0.0,1.0,0.0,1.0,1.0,0.0,0.216666463089524,0.29891900071378125,0.6251760711039815,0.2801700915693014,0.25782201516290953,0.33663861410329476,1.0,0.0,0.216666463089524,0.29891900071378125,0.6251760711039815,0.2801700915693014,0.25782201516290953,0.33663861410329476,1.0,0.0,0.18742567128634813,0.2855538603362797,0.6202626042549361,0.2813173725869769,0.21549416055858084,0.3161961660160247,1.0,0.0,0.0009427802536329971,0.0010540981884232389,0.002332301392819926,0.00047844730603680056,0.0008594724790202381,0.0010397665431582364,1.0,0.0,0.0314776988477707,0.0060274552768905375,0.8769302356107235,0.00010657006102907364,0.4886850631952434,0.004699982660471979,0.0,0.0,0.0038434798585281027,0.010835033436508183,0.0,0.0,0.0,0.0,0.42827765226364134,0.006236112912417766,0.0004581475257873535,0.0003177578513833329,0.3241880917549133,0.006110118791180073,0.12791385412216186,0.001924736593926087,0.5003970357613593,0.0044260353058621655,0.016814986407056885,0.005670300456688716,0.41234708627474,0.004332452441566852,0.2465869643196988,0.0019130691813895268,0.9253361761569977,0.0031663716484018594,0.9255601263046265,0.0034552690491266914
df2,0.1,True,0.1,0.0,1.0,0.0,1.0,1.0,0.0,0.0008015173640932688,0.0032166727032925005,0.4487885342798766,0.3449865493489507,0.0027738624698991875,0.013771090189831777,1.0,0.0,0.0008015173640932688,0.0032166727032925005,0.4487885342798766,0.3449865493489507,0.0027738624698991875,0.013771090189831777,1.0,0.0,0.0003305914043024938,0.0012970041044087755,0.4343534044785391,0.34061448262509697,0.0007478810412619375,0.003364595403102781,1.0,0.0,1.2879011502313863e-05,1.3436771121388572e-05,0.0018396116429022728,0.000934250483494185,1.149025511868297e-05,8.3228953473789e-06,1.0,0.0,0.051792470838546746,0.006825628469453492,0.8769156907091141,0.00010076258392742133,0.5045010983085633,0.007358374376419466,0.0,0.0,4.4557335217009964e-08,2.6599269246288793e-07,0.0,0.0,0.0,0.0,0.42934881210327147,0.005321582814117109,0.0015842056274414063,0.0006056849978020135,0.324794385433197,0.004968006838917739,0.12958306789398194,0.0023481510661453268,0.5003012682252782,0.003605020779504883,0.03149155566815668,0.005526905491700394,0.4121133052790655,0.0035048577113035457,0.24819983374340823,0.0024007977671198296,0.9261383879184723,0.003659274422278801,0.9259369504451752,0.0033051086425637424
df2,0.15000000000000002,True,0.15000000000000002,0.0,1.0,0.0,1.0,1.0,0.0,2.5154890920870057e-06,1.6141152648957568e-05,0.49036329250019883,0.2712458422132609,2.4573707562516054e-06,1.0543561166123412e-05,1.0,0.0,2.5154890920870057e-06,1.6141152648957568e-05,0.49036329250019883,0.2712458422132609,2.4573707562516054e-06,1.0543561166123412e-05,1.0,0.0,1.338104746317903e-07,8.405118167095554e-07,0.4731066282195332,0.28683650842106473,1.0514095404756674e-07,5.926321744956288e-07,1.0,0.0,1e-05,0.0,0.0021522783672413893,0.0006811389281056515,1e-05,0.0,1.0,0.0,0.06793559344196319,0.006778111041088341,0.876930585639,0.00010417355257194192,0.5217391361770629,0.007229342529453811,0.0,0.0,1.1196670518250954e-13,7.467485647076613e-13,0.0,0.0,0.0,0.0,0.4275396943092346,0.006247622599813178,0.0028549671173095704,0.0008035208694974162,0.32323570489883424,0.006046244475180625,0.13048422813415528,0.0021607854158376596,0.49927030558137103,0.004342905378561767,0.04238718882773455,0.005561334527895076,0.4112561168080953,0.004212737493686757,0.2488743847184244,0.0022376533911304653,0.926045024394989,0.002698442589461459,0.9245018291473389,0.0036314797305675053
df2,0.2,True,0.2,0.0,1.0,0.0,1.0,1.0,0.0,3.1001402282993226e-11,2.1270867209284135e-10,0.5077861797495177,0.3004717413641505,2.1196877212505254e-11,9.744063794494792e-11,1.0,0.0,3.1001402282993226e-11,2.1270867209284135e-10,0.5077861797495177,0.3004717413641505,2.1196877212505254e-11,9.744063794494792e-11,1.0,0.0,6.331368584966412e-10,8.290268262866969e-10,0.4819753980699942,0.2900368386471161,5.270143677016392e-10,6.564697511325244e-10,1.0,0.0,1e-05,0.0,0.0021076660650648778,0.0007123992564002736,1e-05,0.0,1.0,0.0,0.08820237712860107,0.007503921284801124,0.8768967497618199,8.678640006858649e-05,0.5420752976932526,0.007503320476078062,0.0,0.0,1.8034038636506745e-26,9.179464797258819e-26,0.0,0.0,0.0,0.0,0.4289244055747986,0.0061378276591258244,0.005390975475311279,0.0011810830777043378,0.32487512826919557,0.005987787674847135,0.1319991970062256,0.00238375035370532,0.5007120066495435,0.004439911752235504,0.057921349270734085,0.006166843117326712,0.41279020689798057,0.0043472001763433426,0.24995949877097823,0.0023721433202679534,0.925724983215332,0.0032281243236887596,0.9228011798858643,0.002954839732211025
df2,0.25,True,0.25,0.0,1.0,0.0,1.0,1.0,0.0,9.138498357949406e-19,5.8629279057669596e-18,0.46025551870386106,0.2965818958306624,5.756110041543172e-17,2.8257478959440766e-16,1.0,0.0,9.138498357949406e-19,5.8629279057669596e-18,0.46025551870386106,0.2965818958306624,5.756110041543172e-17,2.8257478959440766e-16,1.0,0.0,1.810718461836558e-09,1.6809753896078503e-09,0.43902468772544473,0.3046503856587012,1.3505417784109853e-09,1.434082598360108e-09,1.0,0.0,1e-05,0.0,0.001956804321508421,0.0007784775961737517,1e-05,0.0,1.0,0.0,0.10789822736835479,0.005567616912772222,0.8769036104054452,7.468809153311327e-05,0.5611274831867218,0.0062390168051726725,0.0,0.0,2.3904200312955813e-40,1.6763632956353342e-39,0.0,0.0,0.0,0.0,0.4282984209060669,0.006097581011342772,0.008064310550689697,0.001394441280337116,0.32423775911331176,0.005858807081521112,0.1356845998764038,0.002621138261960781,0.49983224541536253,0.004152150061445914,0.07078933923635027,0.005887693090551551,0.4120315858824374,0.004086016620488115,0.2532711265044809,0.0025094834397241406,0.9259076571464538,0.003302516724306001,0.9209712648391724,0.0034255177955309726
df2,0.30000000000000004,True,0.30000000000000004,0.0,1.0,0.0,1.0,1.0,0.0,2.818289429211886e-25,1.6035337861505395e-24,0.2617690314606206,0.2748158608428043,5.362970300752654e-25,3.5902644157860766e-24,1.0,0.0,2.818289429211886e-25,1.6035337861505395e-24,0.2617690314606206,0.2748158608428043,5.362970300752654e-25,3.5902644157860766e-24,1.0,0.0,3.270972248614612e-09,2.401647081858109e-09,0.24596083146650904,0.2642110429671397,2.7925149326257783e-09,2.507879315429582e-09,1.0,0.0,1e-05,0.0,0.0012918937669808453,0.0009062022359671953,1e-05,0.0,1.0,0.0,0.12467710480785371,0.0070334426762106725,0.8768923080236912,8.992055842594324e-05,0.5778263073749542,0.006542459543590545,0.0,0.0,9.312928146190288e-56,6.544490262345621e-55,0.0,0.0,0.0,0.0,0.42564619779586793,0.00530804983628952,0.01050661325454712,0.0014799621209767148,0.32210649728775026,0.0052216607558361544,0.13883428335189818,0.002708646284799085,0.49829328400520906,0.0038677640279771016,0.08106901786510999,0.00546181117368899,0.41075378026081694,0.003790163881853517,0.2559731749013233,0.0026273582443398736,0.9262729370594025,0.003839919831500888,0.9182188475131988,0.003300101630942112
df2,0.35000000000000003,True,0.35000000000000003,0.0,1.0,0.0,1.0,1.0,0.0,2.5465636126097697e-36,1.311781581783216e-35,0.27163403142351994,0.288880066445349,1.1705057913095244e-34,5.321488368674676e-34,1.0,0.0,2.5465636126097697e-36,1.311781581783216e-35,0.27163403142351994,0.288880066445349,1.1705057913095244e-34,5.321488368674676e-34,1.0,0.0,5.385089858478409e-09,3.485412327588115e-09,0.25563564673753786,0.29353702859164604,5.171297952077936e-09,3.6509074944741785e-09,1.0,0.0,1e-05,0.0,0.001233415046367031,0.001092732437163866,1e-05,0.0,1.0,0.0,0.1467749292192459,0.006728035768020792,0.8769168706507684,0.00010009903903349525,0.5999634093437195,0.007333660163267619,0.0,0.0,6.40590723911146e-75,4.529628865279521e-74,0.0,0.0,0.0,0.0,0.43028640031814575,0.005517945589276548,0.015665900707244874,0.0020212474475408302,0.3265524411201477,0.005536008129914395,0.14448331594467162,0.0029130764787023565,0.501042407697854,0.004245404621149062,0.09843030565761143,0.005987680720275191,0.4136076121132175,0.00428172462626609,0.2606428164179296,0.0027446214961347145,0.9247863113880157,0.0032979115812831225,0.9159830403327942,0.0037001314256701256
df2,0.4,True,0.4,0.0,1.0,0.0,1.0,1.0,0.0,2.5972821829587633e-45,1.8359194363371378e-44,0.07564979010003739,0.19485394199051495,3.5022320494939057e-44,2.316157041279811e-43,1.0,0.0,2.5972821829587633e-45,1.8359194363371378e-44,0.07564979010003739,0.19485394199051495,3.5022320494939057e-44,2.316157041279811e-43,1.0,0.0,9.608831286200825e-09,5.461714677484523e-09,0.062408756296311235,0.17176768577790236,7.0537686536198405e-09,4.4035306425299596e-09,1.0,0.0,1e-05,0.0,0.0002813649381722979,0.0006824917770215681,1e-05,0.0,1.0,0.0,0.16644128543853762,0.00746158069917565,0.8769119576838017,8.922650037438571e-05,0.6183310977325439,0.0070603860699195034,0.0,0.0,1.696041201758984e-100,1.0151426028263318e-99,0.0,0.0,0.0,0.0,0.4283009195327759,0.0053383309113935835,0.01992206335067749,0.002239578421999448,0.3253508973121643,0.005373691454294256,0.14977110862731935,0.0034042752815347994,0.4998855648494346,0.004146447372109015,0.11118449972460265,0.005869828640436453,0.41299064408459685,0.0041029720763562675,0.26515058696734944,0.0032116047569222673,0.9255585598945618,0.003839655747030222,0.9104347896575927,0.0037489790938852185
df2,0.45,True,0.45,0.0,1.0,0.0,1.0,1.0,0.0,1.5779483432060188e-57,1.1156479773808402e-56,0.009213346063477998,0.018522224625263962,8.38735797123485e-57,4.087645894317552e-56,1.0,0.0,1.5779483432060188e-57,1.1156479773808402e-56,0.009213346063477998,0.018522224625263962,8.38735797123485e-57,4.087645894317552e-56,1.0,0.0,1.0699593673280105e-08,5.6477192459596985e-09,0.005452288081183792,0.012851010028103634,1.1266149506639067e-08,5.346590997648297e-09,1.0,0.0,1e-05,0.0,2.7390178497958863e-05,4.951384241441438e-05,1e-05,0.0,1.0,0.0,0.18366795603179933,0.006285365670509236,0.8769202862949372,0.0001013653883613811,0.6357126556758881,0.005713386003065693,0.0,0.0,2.3799714281672934e-123,1.6817436571073462e-122,0.0,0.0,0.0,0.0,0.428787944316864,0.0051491852238911935,0.024741616249084473,0.001991017782785235,0.3262483191490173,0.005078561170020809,0.15494760751724243,0.0033033952004491414,0.5004486880021357,0.003555493801827153,0.12390003876900708,0.0047500667366351165,0.41388606159597996,0.0035556834795631904,0.26947308240382634,0.003125788086709144,0.9268205416202545,0.0029350151985133408,0.9060393762588501,0.003989327693856275
df2,0.5,True,0.5,0.0,1.0,0.0,1.0,1.0,0.0,4.80843413297845e-68,3.39999967535909e-67,0.0014613467285326885,0.005479301942676835,8.557237269952524e-67,5.579027955850377e-66,1.0,0.0,4.80843413297845e-68,3.39999967535909e-67,0.0014613467285326885,0.005479301942676835,8.557237269952524e-67,5.579027955850377e-66,1.0,0.0,1.5334169396474806e-08,6.452825461400772e-09,0.0004390538480394435,0.001152343533016643,1.3976010080352097e-08,7.324181238906315e-09,1.0,0.0,1e-05,0.0,1.0177366756939764e-05,9.752625509807586e-07,1e-05,0.0,1.0,0.0,0.2036893641719818,0.0064762026885166295,0.8769121297378542,9.706784559124615e-05,0.6536227642040252,0.006984610647007321,0.0,0.0,1.8090786126678646e-157,1.2789108605646552e-156,0.0,0.0,0.0,0.0,0.42880600452423095,0.005336516333793673,0.03034834861755371,0.002680311354439721,0.32659737825393675,0.0052497417857988084,0.16217149496078492,0.003224847764711941,0.5003082861136829,0.0038524156060265008,0.1370246242088701,0.005808881858856203,0.41410342809249484,0.003816611374961161,0.2756750224453941,0.0029638787591357526,0.9257116889953614,0.0032816738264049,0.9019810628890991,0.004156646417029469
df2,0.55,True,0.55,0.0,1.0,0.0,1.0,1.0,0.0,4.393213441788904e-88,2.621829166112856e-87,0.00010553312637648333,0.0005067149538893909,3.8535421095186943e-81,2.6515931601654994e-80,1.0,0.0,4.393213441788904e-88,2.621829166112856e-87,0.00010553312637648333,0.0005067149538893909,3.8535421095186943e-81,2.6515931601654994e-80,1.0,0.0,1.8990351755565627e-08,7.323132831502089e-09,1.0445041840818625e-05,3.0381444243564257e-05,1.6225027748006938e-08,7.067396810630588e-09,1.0,0.0,1e-05,0.0,1e-05,0.0,1e-05,0.0,1.0,0.0,0.22194295035648348,0.006803321776343691,0.8769115003535748,9.075896845869255e-05,0.6717054563827513,0.006280545242699186,0.0,0.0,2.7838131555260735e-190,0.0,0.0,0.0,0.0,0.0,0.42812113046646116,0.005892275488313005,0.03575645685195923,0.003069969252399654,0.3264648962020874,0.005746368571425281,0.17006991624832155,0.003518566150051725,0.4996627357240856,0.0039627510463322415,0.14834291918436077,0.006126208193062865,0.41393499428004255,0.003991983477075783,0.28230984444381063,0.0030544267339319437,0.9258612823486329,0.00333529532708541,0.8972811019420623,0.004084915703787602
df2,0.6000000000000001,True,0.6000000000000001,0.0,1.0,0.0,1.0,1.0,0.0,7.946199607731354e-102,4.309277053127384e-101,8.289754734372041e-07,4.93816469637989e-06,6.310409806109401e-95,4.4595891590489104e-94,1.0,0.0,7.946199607731354e-102,4.309277053127384e-101,8.289754734372041e-07,4.93816469637989e-06,6.310409806109401e-95,4.4595891590489104e-94,1.0,0.0,2.191409854468418e-08,8.55040441784246e-09,4.0421426361625376e-08,2.3015408536862284e-07,2.1056994383705785e-08,7.137523480556639e-09,1.0,0.0,1e-05,0.0,1e-05,0.0,1e-05,0.0,1.0,0.0,0.2394552293386459,0.007062032347203104,0.8769278175041677,0.00010034589181842295,0.6883206827545166,0.007240323417179646,0.0,0.0,1.3498169849156378e-215,0.0,0.0,0.0,0.0,0.0,0.42718470335006714,0.005282822833123433,0.04172081470489502,0.003243510006306545,0.3260995507240295,0.0050611792637822875,0.17758409261703492,0.0044818554671349,0.4992551830899026,0.0035865827131632494,0.16038291042614788,0.005902151073568315,0.41411512812107254,0.0035426050893146398,0.2890627946437771,0.003834131338880777,0.9260272014141083,0.003729009659400753,0.8902148234844208,0.0036233065568965477
df2,0.65,True,0.65,0.0,1.0,0.0,1.0,1.0,0.0,1.7961192228815175e-120,1.2696582773538622e-119,2.9408448623011334e-09,1.5734615777833308e-08,5.735235412376402e-118,2.6533031397244825e-117,1.0,0.0,1.7961192228815175e-120,1.2696582773538622e-119,2.9408448623011334e-09,1.5734615777833308e-08,5.735235412376402e-118,2.6533031397244825e-117,1.0,0.0,2.632129458390864e-08,9.293666150317163e-09,5.276536918508157e-10,1.9108149930251174e-09,2.3317536144151774e-08,8.983861820719622e-09,1.0,0.0,1e-05,0.0,1e-05,0.0,1e-05,0.0,1.0,0.0,0.2563998260278702,0.007147397527553567,0.8769212689316274,8.904241809726931e-05,0.7053637046985628,0.006996298986641923,0.0,0.0,1.9318136109788478e-257,0.0,0.0,0.0,0.0,0.0,0.4277510595321655,0.005319585540873103,0.048613481521606446,0.003077697924375602,0.32729032039642336,0.005188712613551623,0.18596810579299927,0.004346727288161973,0.4996502460917298,0.003709949919495286,0.17319985443171648,0.005386638309358107,0.415072228808419,0.0036823509001612186,0.2960256399422343,0.003877624668461673,0.9255038690567017,0.003569989088499233,0.8832509422302246,0.004422912861391317
df2,0.7000000000000001,True,0.7000000000000001,0.0,1.0,0.0,1.0,1.0,0.0,1.8888464688299199e-143,9.347228054050458e-143,5.020038141842107e-12,3.3257037143030965e-11,2.864958825751883e-129,2.0253834820876212e-128,1.0,0.0,1.8888464688299199e-143,9.347228054050458e-143,5.020038141842107e-12,3.3257037143030965e-11,2.864958825751883e-129,2.0253834820876212e-128,1.0,0.0,3.15741497347588e-08,1.0565457050707282e-08,5.543061987189901e-10,7.353093294465669e-10,2.6510625565911994e-08,1.0291185669057179e-08,1.0,0.0,1e-05,0.0,1e-05,0.0,1e-05,0.0,1.0,0.0,0.2754790239963531,0.007198491590102473,0.8769262101430892,9.368536484487683e-05,0.7231582718009948,0.00681966763495647,0.0,0.0,4.8739568368217075e-286,0.0,0.0,0.0,0.0,0.0,0.4280634832382202,0.006205199039198283,0.05625077486038208,0.0031826982166258053,0.3282375121116638,0.00603504695993511,0.19544721364974976,0.005385607516564507,0.49973284809388324,0.004360365141152935,0.18568901671112875,0.004994912285772198,0.41575791679719726,0.0042951962360412346,0.30403444529014184,0.004899894699619033,0.9262676286697388,0.0031142679721752253,0.8770064759254456,0.003960240235135958
df2,0.75,True,0.75,0.0,1.0,0.0,1.0,1.0,0.0,9.334889071838837e-160,6.600762331429331e-159,1.5379598150195682e-17,4.898753080011858e-17,6.796420054018656e-144,4.04194346388177e-143,1.0,0.0,9.334889071838837e-160,6.600762331429331e-159,1.5379598150195682e-17,4.898753080011858e-17,6.796420054018656e-144,4.04194346388177e-143,1.0,0.0,3.775756940438413e-08,1.167385534677875e-08,8.011224417181495e-10,8.245369466689005e-10,3.0748263935009845e-08,9.719424249463191e-09,1.0,0.0,1e-05,0.0,1e-05,0.0,1e-05,0.0,1.0,0.0,0.2929452420568466,0.00799290870815709,0.8769163998417855,8.970357040583349e-05,0.7387282208042145,0.007301785674396245,0.0,0.0,0.0,0.0,0.0,0.0,0.0,0.0,0.42705167770385744,0.006504432111640744,0.06398554563522339,0.004217184272701973,0.32816357135772706,0.006398280259511513,0.20398093700408937,0.0061879792480568985,0.49948900991041223,0.004679766289152251,0.19813637923801966,0.006301423350203195,0.4162091046555303,0.004661595928100331,0.311344378247456,0.005491457281942131,0.9253336155414581,0.003271081778626887,0.8700127625465393,0.004009123100556368
df2,0.8,True,0.8,0.0,1.0,0.0,1.0,1.0,0.0,6.720209295430928e-176,0.0,6.930100055108369e-21,4.416845162808229e-20,5.967464306868602e-161,4.21967200271214e-160,1.0,0.0,6.720209295430928e-176,0.0,6.930100055108369e-21,4.416845162808229e-20,5.967464306868602e-161,4.21967200271214e-160,1.0,0.0,4.025598833390376e-08,1.0697535391342427e-08,1.9254099692389557e-09,1.770925729216047e-09,3.1666587909651154e-08,1.0777083695242679e-08,1.0,0.0,1e-05,0.0,1e-05,0.0,1e-05,0.0,1.0,0.0,0.3090175986299515,0.006213332502166663,0.8769353743977547,0.00010522668783620096,0.7534986685905457,0.006416882211849632,0.0,0.0,0.0,0.0,0.0,0.0,0.0,0.0,0.42975741147994995,0.005780253450675561,0.07231177568435669,0.0032779661067706177,0.3313712573051453,0.005673042241510161,0.21264082908630372,0.0056819396323293525,0.5009256379489916,0.0042891504358964355,0.21037852963382037,0.004694611696656533,0.41831531102619146,0.004231867708432549,0.3183288284672645,0.005032894736291987,0.9264943206310272,0.003743897326368685,0.8617988073825836,0.004503419264294573
df2,0.8500000000000001,True,0.8500000000000001,0.0,1.0,0.0,1.0,1.0,0.0,1.3638372071957393e-212,0.0,3.548508519333993e-26,2.3841872422031013e-25,1.5039467230098702e-191,0.0,1.0,0.0,1.3638372071957393e-212,0.0,3.548508519333993e-26,2.3841872422031013e-25,1.5039467230098702e-191,0.0,1.0,0.0,4.527125497144624e-08,1.2038744744002137e-08,2.827167817631704e-09,2.27002422302922e-09,3.76661777501397e-08,1.1414244543510867e-08,1.0,0.0,1e-05,0.0,1e-05,0.0,1e-05,0.0,1.0,0.0,0.3249017316226959,0.005954838678674524,0.8769288219780923,0.00010432987272204965,0.7682657666511536,0.0061604331578086575,0.0,0.0,0.0,0.0,0.0,0.0,0.0,0.0,0.4287073826789856,0.005989870786076933,0.07971132040023804,0.004119756334980488,0.3312235879898071,0.0060150138734799425,0.22186925649642944,0.006278340168025966,0.5004143398596752,0.004475344568414737,0.2205244093944864,0.005708400574323214,0.41850880479868907,0.004493664061079825,0.32640331813216944,0.005507212104259061,0.9257970416545868,0.0036724496431177365,0.8543084251880646,0.003507445082725061
df2,0.9,True,0.9,0.0,1.0,0.0,1.0,1.0,0.0,7.322814099119543e-230,0.0,4.55961581524308e-28,3.2241345245221494e-27,1.3740352733421883e-207,0.0,1.0,0.0,7.322814099119543e-230,0.0,4.55961581524308e-28,3.2241345245221494e-27,1.3740352733421883e-207,0.0,1.0,0.0,5.292934655010129e-08,1.304643255453577e-08,3.782714772526674e-09,2.6298496985389003e-09,4.24128747766872e-08,1.1876198460290899e-08,1.0,0.0,1e-05,0.0,1e-05,0.0,1e-05,0.0,1.0,0.0,0.3421595665655136,0.0059666490268797,0.8769651998171807,0.0001287745151135111,0.782373966583252,0.005628291506671231,0.0,0.0,0.0,0.0,0.0,0.0,0.0,0.0,0.42788291215896607,0.005807703103991267,0.08830024003982544,0.004071486487771471,0.33122260093688966,0.005666875147827268,0.23168917894363403,0.005816792590225122,0.49994918005131095,0.003991267090633107,0.2320726129322399,0.005233401278459193,0.4188603857440361,0.003986212906545931,0.3349233190933779,0.005090550210105842,0.9253297853469848,0.003610562689517683,0.8439498960971832,0.0048483799376054515
df2,0.9500000000000001,True,0.9500000000000001,0.0,1.0,0.0,1.0,1.0,0.0,3.237146886745289e-268,0.0,6.201724553647284e-37,3.652257743138218e-36,5.781663421129332e-231,0.0,1.0,0.0,3.237146886745289e-268,0.0,6.201724553647284e-37,3.652257743138218e-36,5.781663421129332e-231,0.0,1.0,0.0,5.5519957473659785e-08,1.3383109587734561e-08,5.498948496551747e-09,3.5978343728977345e-09,4.535513340231389e-08,1.108130531743182e-08,1.0,0.0,1e-05,0.0,1e-05,0.0,1e-05,0.0,1.0,0.0,0.357630356344223,0.005912265606223914,0.8769529734549522,0.00013244565030332638,0.7968483693275452,0.005378553677671288,0.0,0.0,0.0,0.0,0.0,0.0,0.0,0.0,0.42826231956481936,0.005473916996191999,0.0968897008895874,0.004329514527059463,0.33252619743347167,0.005195743312345161,0.2410968279838562,0.0053945562874040155,0.5003841433939485,0.0035383122786633216,0.24293645277523637,0.004975714981224886,0.420070656416949,0.003499579283834909,0.342867051612205,0.004523619353941527,0.926253411769867,0.003444230744762348,0.8360983645915985,0.0040135303012003905
df2,1.0,True,1.0,0.0,1.0,0.0,1.0,1.0,0.0,7.640759575385852e-294,0.0,1.3850817090274047e-49,9.455557357012324e-49,6.991823425833945e-254,0.0,1.0,0.0,7.640759575385852e-294,0.0,1.3850817090274047e-49,9.455557357012324e-49,6.991823425833945e-254,0.0,1.0,0.0,6.093536855322768e-08,1.4198776417065234e-08,8.522758803142238e-09,5.175494029440398e-09,5.2175883369365296e-08,1.2745378091634796e-08,1.0,0.0,1e-05,0.0,1e-05,0.0,1e-05,0.0,1.0,0.0,0.37305563840389255,0.004952365758970086,0.876942911581278,0.00010996980444887197,0.8108250272808074,0.004681773614389875,0.0,0.0,0.0,0.0,0.0,0.0,0.0,0.0,0.42866647720336915,0.006482377312554552,0.10606509447097778,0.004871414753459403,0.3337339115142822,0.006332516442493997,0.25174750089645387,0.004767088069603689,0.5003201525411177,0.004311085664095426,0.2536342140123652,0.005738016655110608,0.42080605727472353,0.004397735642263307,0.3515807496137229,0.004300883906948812,0.9258177602291107,0.0035352130305391282,0.8286364090442657,0.004925271357842269
df3,0.0,True,-1.0,0.0,1.0,0.0,1.0,1.0,0.0,0.5529160090824216,0.2896807273760599,0.5102765392725872,0.29395673448119863,0.8069174151303925,0.2520278958654911,1.0,0.0,0.5529160090824216,0.2896807273760599,0.5102765392725872,0.29395673448119863,0.8069174151303925,0.2520278958654911,1.0,0.0,0.5257053173822923,0.29973468322348285,0.5137207287841268,0.30135066552948997,0.7103561419997017,0.3195899409342823,1.0,0.0,0.0022695886213327603,0.0005181795293590961,0.0021755575517438566,0.0006691765188044935,0.002231629522514269,0.0006531429510045406,1.0,0.0,0.3647433718757629,0.0055824636208097805,0.8769740328326227,0.00010887462688444197,0.8368264956205469,0.004321002550220345,0.0,0.0,0.0,0.0,0.0,0.0,0.0,0.0,0.42755416393280027,0.005000848356612849,0.10239997386932373,0.0038793409272240525,0.3341598081588745,0.004811177148222603,0.2734478735923767,0.005212101503755885,0.4991081372550723,0.0034484382724780612,0.24838010815661332,0.004723006084724351,0.4211084941837566,0.003424401078687807,0.36973019182609795,0.004413126023788334,0.8114813756942749,0.005605836337414501,0.8097050821781159,0.004679494072061281
df3,0.05,True,-1.0,0.05,1.0,0.0,1.0,1.0,0.0,0.4289600804519624,0.28809619844983747,0.43615116400410797,0.2777682824806202,0.6435619484152624,0.33653983898479,1.0,0.0,0.4289600804519624,0.28809619844983747,0.43615116400410797,0.2777682824806202,0.6435619484152624,0.33653983898479,1.0,0.0,0.43181850155666096,0.28626794023857294,0.4616868739327236,0.2981094391959027,0.5977921502344264,0.4128977424067498,1.0,0.0,0.002136154319387774,0.0006567321011111451,0.0022334242046308317,0.0005534581780333993,0.0017093492834602067,0.0010232263215681132,1.0,0.0,0.36365404717254635,0.005994922531273497,0.8769511322538852,0.00012742274833093886,0.8381396543186846,0.005457090780008945,0.0,0.0,0.0,0.0,0.0,0.0,0.0,0.0,0.42827765226364134,0.006236112912417766,0.1005304503440857,0.004790657954723033,0.33506646394729617,0.0061270904324870765,0.274900426864624,0.005745727961176732,0.5003970357613593,0.0044260353058621655,0.2464190415049486,0.005768876502891212,0.42231674858395457,0.004364437402257046,0.37168611079507363,0.004984473044547015,0.8101655125617981,0.005925950801166396,0.8088942861557007,0.004578197791982908
df3,0.1,True,-1.0,0.1,1.0,0.0,1.0,1.0,0.0,0.3778854032076318,0.28028575768725117,0.41086598315815837,0.3082973618289536,0.7355062910044513,0.324765471086773,1.0,0.0,0.3778854032076318,0.28028575768725117,0.41086598315815837,0.3082973618289536,0.7355062910044513,0.324765471086773,1.0,0.0,0.3679244770625989,0.276691614626697,0.4093734590208514,0.306697955253729,0.668814506059341,0.35515804190615574,1.0,0.0,0.0019407371194912037,0.0008398853905689617,0.0018653182098439408,0.0008830771767408129,0.001993327538477098,0.0009196055682622071,1.0,0.0,0.3610364192256927,0.00631944296453263,0.8769711991193296,0.0001290170394779853,0.8392780967934858,0.004723321496430031,0.0,0.0,0.0,0.0,0.0,0.0,0.0,0.0,0.42934881210327147,0.005321582814117109,0.09978716611862183,0.0038816280748662523,0.3355028748512268,0.005068975285071314,0.2765519642829895,0.006245980261522781,0.5003012682252782,0.003605020779504883,0.2451332982318435,0.0045524233908317,0.42190935742135033,0.003586533942530952,0.37214457616318825,0.005173748955747992,0.8086464416980743,0.004807985730130119,0.8105938911437989,0.00559056376401634
df3,0.15000000000000002,True,-1.0,0.15000000000000002,1.0,0.0,1.0,1.0,0.0,0.4037643217648348,0.2814271042819152,0.4498415660280213,0.2577844410827558,0.6387259323300362,0.3318041789810988,1.0,0.0,0.4037643217648348,0.2814271042819152,0.4498415660280213,0.2577844410827558,0.6387259323300362,0.3318041789810988,1.0,0.0,0.412363864450845,0.29561412077195404,0.42488000180766994,0.27287028267729574,0.5605133250876381,0.3679508981335156,1.0,0.0,0.001984797163019873,0.000791208170847408,0.002038620742023218,0.0007443801140649266,0.0018421517231838073,0.0009616743134702098,1.0,0.0,0.36115949916839596,0.005344761266296839,0.8769461387662888,0.00010423921261673054,0.8423538751246705,0.00533054702728818,0.0,0.0,0.0,0.0,0.0,0.0,0.0,0.0,0.4275396943092346,0.006247622599813178,0.10070918321609497,0.004039951163584376,0.3338115096092224,0.006191121282044062,0.2776975750923157,0.007503190896640361,0.49927030558137103,0.004342905378561767,0.24640516070252036,0.004810085946626328,0.42095005160231636,0.004335912529548916,0.3732995322575265,0.006230557909955636,0.8093918025493622,0.004504276700256807,0.8090452194213867,0.005859146511172344
df3,0.2,True,-1.0,0.2,1.0,0.0,1.0,1.0,0.0,0.3569558883647974,0.3053924993674936,0.38040434424329983,0.30135438029292744,0.5155921443052823,0.3142976838644957,1.0,0.0,0.3569558883647974,0.3053924993674936,0.38040434424329983,0.30135438029292744,0.5155921443052823,0.3142976838644957,1.0,0.0,0.3369392409888288,0.29373072645513265,0.3725680171993762,0.29021426047601667,0.3955303504816603,0.34904115430930754,1.0,0.0,0.001718136522304776,0.0009616202963486673,0.0018092061765109275,0.0009277954283156291,0.001378280721850626,0.0010915095865840466,1.0,0.0,0.3590479644794464,0.006427082492051503,0.876985644548893,0.00013968172771379613,0.8434111355501266,0.005058824768447736,0.0,0.0,0.0,0.0,0.0,0.0,0.0,0.0,0.4289244055747986,0.0061378276591258244,0.09836451530456543,0.0045120883983785845,0.33513770818710326,0.006122530901170575,0.27936543703079225,0.006147238813176336,0.5007120066495435,0.004439911752235504,0.24376687979847617,0.0054418565744606875,0.42222629445669346,0.004456881595309849,0.3754090815243945,0.005265001679256737,0.8094826185703278,0.005174889681002765,0.8090742564201355,0.00530912834703437
df3,0.25,True,-1.0,0.25,1.0,0.0,1.0,1.0,0.0,0.2694315571338129,0.25802365185392734,0.3127942600605358,0.28801520410199705,0.47269292388331274,0.3524389099547967,1.0,0.0,0.2694315571338129,0.25802365185392734,0.3127942600605358,0.28801520410199705,0.47269292388331274,0.3524389099547967,1.0,0.0,0.250391085032333,0.25773880456180837,0.3118062349289511,0.2961572383180085,0.37133152774810696,0.3597807509213359,1.0,0.0,0.0014477542233592578,0.000990483004382289,0.0015242431728083106,0.000989161494186548,0.0012873204322637762,0.001116513283661992,1.0,0.0,0.3590878748855591,0.005151674999569417,0.8769328024032116,0.00010506530510928626,0.8461073937497829,0.005140350671782326,0.0,0.0,0.0,0.0,0.0,0.0,0.0,0.0,0.4282984209060669,0.006097581011342772,0.09903767824172974,0.0041789906131538485,0.3343134188652039,0.00584769736851398,0.2814373064041138,0.0065324633002407356,0.49983224541536253,0.004152150061445914,0.24438444131641185,0.005036864508705888,0.4212830805940153,0.004054535025829912,0.3766834062329752,0.005315039875697512,0.8088102841377258,0.00409476138016307,0.8101378941535949,0.005014442699240296
df3,0.30000000000000004,True,-1.0,0.30000000000000004,1.0,0.0,1.0,1.0,0.0,0.24097230604863776,0.26227082586950407,0.34162718778366413,0.2803263715235583,0.367509427049741,0.33546497967788763,1.0,0.0,0.24097230604863776,0.26227082586950407,0.34162718778366413,0.2803263715235583,0.367509427049741,0.33546497967788763,1.0,0.0,0.24488590298889426,0.259842546023677,0.3328595069198555,0.28103872284859555,0.24829020894085466,0.29720878681259993,1.0,0.0,0.0014356300583497333,0.0009889767645633856,0.001688451748243823,0.0008927271389095706,0.0009569048884461508,0.0010845861716893626,1.0,0.0,0.35907220173454285,0.005506712089624966,0.8769739768583775,0.00012304181496539796,0.8465561427905522,0.005401464614908843,0.0,0.0,0.0,0.0,0.0,0.0,0.0,0.0,0.42564619779586793,0.00530804983628952,0.10001450777053833,0.0040380170665021186,0.3320911335945129,0.005309033444946642,0.279655864238739,0.006109875359839023,0.49829328400520906,0.0038677640279771016,0.24595804789251816,0.004805108542150924,0.419949324797415,0.0038796834822601997,0.37542667120993706,0.005189657639068004,0.8097048366069793,0.004598052231605561,0.8071581661701203,0.004322284631996865
df3,0.35000000000000003,True,-1.0,0.35000000000000003,1.0,0.0,1.0,1.0,0.0,0.23949631311072012,0.2645003295438788,0.31730437568078046,0.28576082019628873,0.23342929277711716,0.28687833102333643,1.0,0.0,0.23949631311072012,0.2645003295438788,0.31730437568078046,0.28576082019628873,0.23342929277711716,0.28687833102333643,1.0,0.0,0.21699002675646273,0.2591383788988741,0.2952472167854159,0.2662846015967085,0.1650665238920347,0.2648979593616213,1.0,0.0,0.0010882359275560115,0.0009957740913916528,0.0015365393875649933,0.0010124533863639675,0.0005937022167194461,0.0009161631258412258,1.0,0.0,0.35753354566574097,0.006241904188208517,0.8769541179451943,0.00010982167645314715,0.8507313571313433,0.005209380503159152,0.0,0.0,0.0,0.0,0.0,0.0,0.0,0.0,0.43028640031814575,0.005517945589276548,0.09784469604492188,0.004680733381612344,0.33618043184280394,0.005460739123899287,0.2868608546257019,0.005640778995293675,0.501042407697854,0.004245404621149062,0.24284350783516256,0.005488196834123431,0.42246016973161205,0.004209694164114605,0.38110414332952014,0.005349140573006632,0.8097139799594879,0.005020073345058698,0.810389004945755,0.00517704746309063
df3,0.4,True,-1.0,0.4,1.0,0.0,1.0,1.0,0.0,0.15004190583146926,0.21051889012312766,0.29994872380780385,0.2596198163507749,0.24696882624115438,0.29894688130347663,1.0,0.0,0.15004190583146926,0.21051889012312766,0.29994872380780385,0.2596198163507749,0.24696882624115438,0.29894688130347663,1.0,0.0,0.13507705371928727,0.19433396113972903,0.2807807382230433,0.24284969005746534,0.18692792349333362,0.2898550920008473,1.0,0.0,0.0008333133281271105,0.000917072943803609,0.0014935516371596624,0.0010014304332192968,0.0006515450899269563,0.000997380160638082,1.0,0.0,0.3545245878162384,0.005050936334098379,0.8769744698157312,0.00010960202444102865,0.850144576662166,0.004298193896047355,0.0,0.0,0.0,0.0,0.0,0.0,0.0,0.0,0.4283009195327759,0.0053383309113935835,0.09703374862670898,0.004191252856188663,0.33442130088806155,0.0054062811778553075,0.2844482254981995,0.005627185183280245,0.4998855648494346,0.004146447372109015,0.24227258000446003,0.005016716299772161,0.4213480852014737,0.004132545596666095,0.37925770081345644,0.005280037786559097,0.8089409375190735,0.005134148764689671,0.810833728313446,0.004664825659475936
df3,0.45,True,-1.0,0.45,1.0,0.0,1.0,1.0,0.0,0.1299756413798897,0.15391831505387568,0.28419178793014477,0.22822195440636178,0.1446521239536484,0.23040176311679372,1.0,0.0,0.1299756413798897,0.15391831505387568,0.28419178793014477,0.22822195440636178,0.1446521239536484,0.23040176311679372,1.0,0.0,0.11507664463280085,0.14991165732437142,0.2598619185729975,0.22451392541356896,0.07780202882807558,0.1937194832274863,1.0,0.0,0.0007790504801690407,0.0008933257589895616,0.001374965245408621,0.000889981924042148,0.00024508303466155314,0.0006211462416597053,1.0,0.0,0.3550523200473786,0.006076972172329877,0.8769603873786928,0.00013348444029585526,0.8514822540888851,0.005296639297813812,0.0,0.0,0.0,0.0,0.0,0.0,0.0,0.0,0.428787944316864,0.0051491852238911935,0.09670141458511353,0.0040544077967363465,0.33510163068771365,0.005126773550049709,0.28599597454071046,0.005819093123418488,0.5004486880021357,0.003555493801827153,0.24182446154851459,0.004740760117589092,0.42205016345902896,0.0035955051903994607,0.3808230393437214,0.005057337458337171,0.8081775760650635,0.00445413034418323,0.8102113223075866,0.005390332998675498
df3,0.5,True,-1.0,0.5,1.0,0.0,1.0,1.0,0.0,0.10089621770628941,0.1602186808148692,0.33193624241519915,0.2661835992091573,0.08516667871747488,0.15792638849775942,1.0,0.0,0.10089621770628941,0.1602186808148692,0.33193624241519915,0.2661835992091573,0.08516667871747488,0.15792638849775942,1.0,0.0,0.0842595158853819,0.14501723199967093,0.318785937084496,0.23803435970836664,0.0525682213826869,0.15527955886344066,1.0,0.0,0.0005856453028690276,0.0007353740404091245,0.0016329993905268676,0.000923892152896336,0.00018553091646851316,0.0006000942865200662,1.0,0.0,0.3545160244598389,0.006373720223995538,0.8769694285905362,0.00013048876492783025,0.8537593429263458,0.00503051671495058,0.0,0.0,0.0,0.0,0.0,0.0,0.0,0.0,0.42880600452423095,0.005336516333793673,0.09656085252761841,0.0044441530041226425,0.33511866807937624,0.00524120563808642,0.28815421342849734,0.005654513118965517,0.5003082861136829,0.0038524156060265008,0.2413613483445693,0.005242282703892505,0.42196561086575707,0.003792051607764819,0.382441688668027,0.004774103576913575,0.8089803445339203,0.00580535220473092,0.810837676525116,0.005428675462868108
df3,0.55,True,-1.0,0.55,1.0,0.0,1.0,1.0,0.0,0.12878172066705157,0.17687229250129372,0.2960669598004541,0.2695686650388985,0.03609887138260154,0.08962550546854628,1.0,0.0,0.12878172066705157,0.17687229250129372,0.2960669598004541,0.2695686650388985,0.03609887138260154,0.08962550546854628,1.0,0.0,0.10866356719538262,0.15955898661499252,0.2555124617928763,0.23878491861313705,0.013302925400786411,0.04275447367935646,1.0,0.0,0.000631719970778146,0.000752075914446637,0.0012245768538043465,0.0009711048549287398,5.6573071442533694e-05,0.0002179343360939483,1.0,0.0,0.35514532246017455,0.00604924626699634,0.8769547448372842,8.428764760084128e-05,0.8564422482078093,0.005316800726778144,0.0,0.0,0.0,0.0,0.0,0.0,0.0,0.0,0.42812113046646116,0.005892275488313005,0.09752532243728637,0.0046334240497232435,0.3346581602096558,0.00563484449209877,0.28997584104537966,0.0054432591451914905,0.4996627357240856,0.0039627510463322415,0.2425809505025734,0.005866774988514095,0.4214875048648252,0.0038709326913317567,0.38386038642896764,0.0044488498006356675,0.8097917366027833,0.005345473690678455,0.8117530405521393,0.004672844351125422
df3,0.6000000000000001,True,-1.0,0.6000000000000001,1.0,0.0,1.0,1.0,0.0,0.12876382388625174,0.20888138242463306,0.23072319540294411,0.21667537010955254,0.027569979761834115,0.054362217877577494,1.0,0.0,0.12876382388625174,0.20888138242463306,0.23072319540294411,0.21667537010955254,0.027569979761834115,0.054362217877577494,1.0,0.0,0.10649637640135583,0.18566183142517054,0.21356979558193742,0.19149140592354402,0.013846934657262134,0.04966853352509347,1.0,0.0,0.0006009453265282432,0.0008791031805798218,0.0011931490847204586,0.0009354930647604981,6.9198574169327e-05,0.0003242705784373859,1.0,0.0,0.35464588158798216,0.007292305244367153,0.8769828803021908,0.00013323292714640517,0.8579521514938587,0.005518691078090917,0.0,0.0,0.0,0.0,0.0,0.0,0.0,0.0,0.42718470335006714,0.005282822833123433,0.09736448526382446,0.004610689520824078,0.33385410070419314,0.005111507357933398,0.29043323755264283,0.006160276898520053,0.4992551830899026,0.0035865827131632494,0.242365877226174,0.005363863367911122,0.42124452416119923,0.0035444192733299243,0.38432588501878384,0.004687144954850909,0.8098027741909027,0.0059313940222604404,0.810892825126648,0.004943138262099349
df3,0.65,True,-1.0,0.65,1.0,0.0,1.0,1.0,0.0,0.08871148141823763,0.12402401015070541,0.1847379657046128,0.19842942754093193,0.025246200121950047,0.0871003942145553,1.0,0.0,0.08871148141823763,0.12402401015070541,0.1847379657046128,0.19842942754093193,0.025246200121950047,0.0871003942145553,1.0,0.0,0.06754969970952723,0.09769051628451789,0.1630242651969535,0.17285101153753993,0.00874007187282535,0.04543787558006781,1.0,0.0,0.0004080519408971916,0.0005441345056833825,0.0007950303533012361,0.0008042841993356931,4.0649769329141066e-05,0.0002133963835940701,1.0,0.0,0.35391682799720764,0.005979502719707801,0.8770286027812959,0.00015754614725471068,0.8587441264679841,0.005316891763277683,0.0,0.0,0.0,0.0,0.0,0.0,0.0,0.0,0.4277510595321655,0.005319585540873103,0.09689141988754273,0.004050795691521553,0.3346382927894592,0.005295619985497982,0.2913946986198425,0.006260039445421632,0.4996502460917298,0.003709949919495286,0.24174676039273174,0.004815515679353367,0.42181357358154015,0.0037306424384188517,0.3850543724994428,0.0051445935652537815,0.8110954105854035,0.005620760937935593,0.8127131593227387,0.004308665480769226
df3,0.7000000000000001,True,-1.0,0.7000000000000001,1.0,0.0,1.0,1.0,0.0,0.06637377053384949,0.115059668334767,0.17960536888097953,0.18671911579708925,0.00840694806934893,0.020636794897772186,1.0,0.0,0.06637377053384949,0.115059668334767,0.17960536888097953,0.18671911579708925,0.00840694806934893,0.020636794897772186,1.0,0.0,0.05794385821209175,0.11261285688117682,0.14020450880015264,0.13943177908211515,0.0019132549139425038,0.005348327091648693,1.0,0.0,0.0003843029726768984,0.0006875097562961466,0.0007989664876341778,0.0008069517241633163,1.0669700297953259e-05,3.746768438267948e-06,1.0,0.0,0.3535165383605957,0.005738371606217537,0.8770445311470033,0.00017344581779375922,0.8607383756656461,0.004207722860064725,0.0,0.0,0.0,0.0,0.0,0.0,0.0,0.0,0.4280634832382202,0.006205199039198283,0.09677908658981323,0.0039684929192586645,0.33501177072525024,0.0061314520331448375,0.29367646455764773,0.006462082531887264,0.49973284809388324,0.004360365141152935,0.24167379422828078,0.005018128541294867,0.4219564146713455,0.004383264258710729,0.3870605306262768,0.005514780033855874,0.8106548988819122,0.00462977322499245,0.8122820425033569,0.006300611658718494
df3,0.75,True,-1.0,0.75,1.0,0.0,1.0,1.0,0.0,0.08194197338249927,0.15364982199034136,0.08719814440369494,0.10311933848379409,0.004310834007446964,0.01692974324696602,1.0,0.0,0.08194197338249927,0.15364982199034136,0.08719814440369494,0.10311933848379409,0.004310834007446964,0.01692974324696602,1.0,0.0,0.06433840706654838,0.12196596518635303,0.06198496910310961,0.07576822312533389,0.0009021088772979447,0.004011463224477232,1.0,0.0,0.000402683716667911,0.0007551888830644054,0.0002660230072045011,0.0003803110981344452,1.030378041331948e-05,2.148051902498562e-06,1.0,0.0,0.3533756403141022,0.0059821639192857885,0.8770024227685929,0.0001656342639721655,0.8621221383545845,0.005198115392120076,0.0,0.0,0.0,0.0,0.0,0.0,0.0,0.0,0.42705167770385744,0.006504432111640744,0.09652268648147583,0.004625874443650306,0.3344293260574341,0.006411945460253352,0.2938665175437927,0.006754429880146853,0.49948900991041223,0.004679766289152251,0.24144542544961253,0.005701648929985431,0.42194390811318155,0.00469367988884474,0.3875083934461357,0.005893969485981513,0.8100944352149964,0.0050796793041212995,0.8134607005119324,0.005694078909538846
df3,0.8,True,-1.0,0.8,1.0,0.0,1.0,1.0,0.0,0.04694864406338268,0.1290829877031451,0.07453108070159259,0.14734701540704043,0.0030967161890301438,0.007789417208931226,1.0,0.0,0.04694864406338268,0.1290829877031451,0.07453108070159259,0.14734701540704043,0.0030967161890301438,0.007789417208931226,1.0,0.0,0.03345506836630891,0.08511234938715395,0.0663713495681864,0.1410620755281149,0.0005364915157475325,0.0016047771571452518,1.0,0.0,0.0001899304531712527,0.00042232297516948427,0.0002814832751968345,0.0005358385133975774,1e-05,0.0,1.0,0.0,0.35241212878036504,0.00664478892260012,0.8769678444886209,0.00011271642628109558,0.8637976649865544,0.004938936854403118,0.0,0.0,0.0,0.0,0.0,0.0,0.0,0.0,0.42975741147994995,0.005780253450675561,0.09522922039031982,0.003875540209070606,0.3371724987030029,0.005787559425977058,0.29730366945266723,0.0071034457771560885,0.5009256379489916,0.0042891504358964355,0.23945666374567348,0.004639345550049414,0.4235744193003979,0.004355206685270785,0.38998342341834075,0.006161586419646345,0.808958466053009,0.005054807535556737,0.8143358504772187,0.004718217990799648
df3,0.8500000000000001,True,-1.0,0.8500000000000001,1.0,0.0,1.0,1.0,0.0,0.03363932378035124,0.07528898341555144,0.03513674190378236,0.08037808212605944,0.0011262996778596786,0.004229628936686002,1.0,0.0,0.03363932378035124,0.07528898341555144,0.03513674190378236,0.08037808212605944,0.0011262996778596786,0.004229628936686002,1.0,0.0,0.024800729362127773,0.05048959185268285,0.02972226961643531,0.08224274529519021,0.00011546127251876203,0.00043398257486351965,1.0,0.0,0.0001397490693043349,0.00034765513620757104,0.0001281890345602632,0.00036148064470933563,1e-05,0.0,1.0,0.0,0.35424569730758665,0.005789887681178983,0.8770460003204348,0.00013811138126495936,0.8660665036398248,0.004297722944715075,0.0,0.0,0.0,0.0,0.0,0.0,0.0,0.0,0.4287073826789856,0.005989870786076933,0.09609040975570679,0.004574759229661862,0.33658714056015016,0.006017511473503843,0.2984227991104126,0.005497878911106099,0.5004143398596752,0.004475344568414737,0.24082453341772808,0.005423360224935422,0.42334492240012095,0.004501016775871538,0.39133011766086256,0.004659576429102628,0.8083083522319794,0.004272677961724111,0.8146119558811188,0.005050657908482988
df3,0.9,True,-1.0,0.9,1.0,0.0,1.0,1.0,0.0,0.06179335572937648,0.11887485714117416,0.016814703691047234,0.0563542892965596,0.00016085067301045933,0.000481171355519068,1.0,0.0,0.06179335572937648,0.11887485714117416,0.016814703691047234,0.0563542892965596,0.00016085067301045933,0.000481171355519068,1.0,0.0,0.03823850794562389,0.08267799333173469,0.01064054335443706,0.029622444663866054,1.3837690535727366e-05,5.512964674737072e-05,1.0,0.0,0.00017358291523292193,0.00029633940846590873,4.910607858369649e-05,9.90904657077104e-05,1e-05,0.0,1.0,0.0,0.3534258399238587,0.006641392518407336,0.8770341966364384,0.0001321022638679072,0.8667823424631151,0.0066841261869565564,0.0,0.0,0.0,0.0,0.0,0.0,0.0,0.0,0.42788291215896607,0.005807703103991267,0.09615828275680542,0.004444199586881206,0.3359889340400696,0.005752107030494501,0.29837918758392334,0.006816559064037895,0.49994918005131095,0.003991267090633107,0.24062806732516834,0.00535341649139997,0.42312122935906143,0.004069010740829219,0.39125957776348047,0.005843311037814907,0.8105455672740937,0.004214684767576885,0.8171108198165894,0.005439079851835988
df3,0.9500000000000001,True,-1.0,0.9500000000000001,1.0,0.0,1.0,1.0,0.0,0.0453045348273364,0.09335994239598623,0.002527137416635747,0.00803154072380678,9.602684967218875e-05,0.00033314133089638247,1.0,0.0,0.0453045348273364,0.09335994239598623,0.002527137416635747,0.00803154072380678,9.602684967218875e-05,0.00033314133089638247,1.0,0.0,0.02869876752148756,0.057323947027411545,0.0015703520085597945,0.004907422718414399,4.468898862974857e-06,1.7509809722234448e-05,1.0,0.0,0.0001902454037089618,0.00042736531643684436,1.4476948866858619e-05,2.1527208267225747e-05,1e-05,0.0,1.0,0.0,0.3547293996562958,0.005874647313597737,0.8770862676875592,0.0001824873398505231,0.869369809105251,0.004599768787585548,0.0,0.0,0.0,0.0,0.0,0.0,0.0,0.0,0.42826231956481936,0.005473916996191999,0.09630145311355591,0.0036333879044704045,0.3368910551071167,0.005231703244960263,0.30089507341384886,0.006407039890588008,0.5003841433939485,0.0035383122786633216,0.24099933519721367,0.004397271631927309,0.42391796622017786,0.0035530057542889396,0.393614132972289,0.005073023751754182,0.809629898071289,0.006076847326782046,0.8172925591468811,0.005121651961521774
df3,1.0,True,-1.0,1.0,1.0,0.0,1.0,1.0,0.0,0.0675032868940819,0.14434300398532277,0.00021600720183214802,0.0005449120771652333,0.00012328487179429643,0.000446602846946199,1.0,0.0,0.0675032868940819,0.14434300398532277,0.00021600720183214802,0.0005449120771652333,0.00012328487179429643,0.000446602846946199,1.0,0.0,0.049277258635226584,0.12351902907348347,0.0003115578732009583,0.0010125765550499772,9.79063075105424e-06,4.2928650927670814e-05,1.0,0.0,0.00019780836586507955,0.00042983050734110275,1.0120546711260713e-05,6.028175746962592e-07,1e-05,0.0,1.0,0.0,0.3563195423107148,0.006031935982717663,0.8770826045751573,0.00015410418981408262,0.8711165194885889,0.004497684895773986,0.0,0.0,0.0,0.0,0.0,0.0,0.0,0.0,0.42866647720336915,0.006482377312554552,0.09687833070755004,0.004771200087944326,0.337615966796875,0.006207487803268831,0.30244032621383665,0.006348022089300501,0.5003201525411177,0.004311085664095426,0.24132370419821803,0.006041797288577925,0.4241765000111294,0.0042576521696122485,0.3945254135843268,0.004890911624987603,0.8099620234966278,0.004908659039338147,0.8187560260295867,0.004415803633977282
